Id_detail_redevance	Id_reconnaissance	Cens en poule	Cens en froment (en Meytencus)	Cens en seigle (en cartalis)	Cens en seigle (en setier)	Cens en seigle (en emine)	Cense en seigle (en Meytencus, Mesure de Tence)	Cens en seigle (cartayronis)	Cens en seigle (Carteria)	Total Seigle	Cens en Tonem (vetement)	Cens en avoine (en setier)	Cens en avoine (en emine)	Cens en avoine (en Meytencus, mesure de Tence)	Cens en avoine (cartayronis)	Cens en avoine (en cartalis)	Cens en avoine (en carteria)	Total Avoine	Cens en castanearium (carteria)	Cens en uncleorum (carta)	Potne	Monaie (sous)	Monaie (pogesa)	Monaie (obole)	Picte	Total monnaie	Monaie (sous) Viennois	Libres Saeorum sive Casi Boni et campetenti	Pro	Nom	Lieu	Supplement
1	142	0	0	0	0	0	0,5	0	0	2,4375	0	0	0	0	0	0	0	0	0	0	0	0	0	0	0	0	0	0	Bayliagio			
2	142	0	0	0	0	0	0,5	0	0	2,4375	0	0	0	1	0	0	0	4,875	0	0	0	0,333333333333333	0	0	0	0,333333333333333	0	0	Terra et pasturalia		Maysonetis	
3	151	0	0	0	0	0	0,5	0	0	2,4375	0	0	0	0	0	0	0	0	0	0	0	0	0	0	0	0	0	0	Baylhagio			
4	151	0	0	0	0	0	0	0	0	0	0	0	0	0	0	0	0	0	0	0	0	0,25	0	0	0	0,25	0	0	Prato			
5	151	0,5	0	0	0	0	0	0	0	0	0	0	0	0	0	0	0	0	0	0	0	2,41666666666667	0	0	0	2,41666666666667	0	0	Possessiones			
6	151	0	0	0	0	0	0,5	0	0	2,4375	0	0	0	0,5	0	0	0	2,4375	0	0	0	0,916666666666667	0	0,333333333333333	0	0,930555555555555	0	0	Possessiones		In comitate de Maisonetis	Nova censa
7	162	0,5	0	0	0	0	1,5	0	0	7,3125	0	0	0	1,5	3	0	0	14,625	0	0	0	4,5	0	0	0	4,5	0	0	Possessiones eius uxoris			
8	181	0	0	0	0	0	0,333333333333333	1	0	4,0625	0	0	0	0,50	0,5	0	0	3,65625	0	0	0	2,75	1	0	0	2,77083333333333	0	0	Possessiones liberorum suorum			
9	201	0	0	0	0	0	0	0	0	0	0	0	0	0	0	0	0	0	0	0	0	0,166666666666667	0	0	0	0,166666666666667	0	0	Petia	De Calma		
10	211	0	0	0	0	0	1	0	0	4,875	0	0	0	0	0	0	0	0	0	0	0	0	0	0	0	0	0	0	Baylhagio			
11	211	0	0	0	0	0	0	0	0	0	0	0	0	0	0	0	0	0	0	0	0	0,166666666666667	1,5	0	0	0,197916666666667	0	0	Calmis		In comitate	
12	211	1,5	0	0	0	0	0,50	1	0	4,875	0	0	0	3,5	0	0	0	17,0625	0	0	0	7,58333333333333	0	0	0	7,58333333333333	0	0	Possessiones nepos uxor eius filii		Chalmariais	
13	221	0,5	0	0	0	0	3	0	0	14,625	0	0	0	0	0	1	0	9,75	0	0	0	3,83333333333333	0	0	0	3,83333333333333	0	0	Possessiones eius uxoris			
14	221	0	0	0	0	0	1	0	0	4,875	0	0	0	0	0	0	0	0	0	0	0	0	0	0	0	0	0	0	Baylhagio eius uxoris			
15	271	0	0	1	4	0	0,5	0	0	168,1875	0	0	0	0	0	0	0	0	0	0	0	0	0	0	0	0	0	0	Bayliagio			
16	271	0	0	0	0	0	0	0	0	0	0	2	0	0	1	0	0	80,4375	0	0	0	0	0	0	0	0	0	0	Nemore	De Sancto Anthonio		
17	281	0	0	0	0	0	0,5	0	0	2,4375	0	0	0	0	0	0	0	0	0	0	0	0	0	0	0	0	0	0	Bayliagio			
18	291	0	0	0	8	0	1	0	0	316,875	0	0	0	0	0	0	0	0	0	0	0	0	0	0	0	0	0	0	Bayliagio			
19	291	0	0	0	0	0	0	0	0	0	0	0	0	0	0	0	0	0	0	0	0	0,5	0	0	0	0,5	0	0	Prato			
20	301	0	0	0	0	0	0	0	0	0	0	0	0	1	0	0	0	4,875	0	0	0	0,33	0	0	0	0,333333333333333	0	0	Parte sue 		Teritorii Dens Clotz	
21	301	0	0	0	0	0	0	0	0	0	0	0	0	0	0	0	0	0	0	0	0	0	3,5	0	0	0,0729166666666667	0	0	Parte calme	Calma vocate Dens Bayilh	Territorio de Maysonetis	
22	311	0	0	0	0	0	0,333333333333333	0	0	1,625	0	0	0	0	0	0	0	0	0	0	0	0	0	0	0	0	0	0	Bayliagio			
23	311	0	0	0	0	0	0	0	0	0	0	0	0	0	0	0	0	0	0	0	0	0	0	0	1,16666666666667	0,0243055555555556	0	0	Calma			
24	311	0	0	0	0	0	0	0	0	0	0	0	0	0	0	0	0	0	0	0	0,5	0	0	1	0,166666666666667	0,0451388888888889	0	0	Assensa			
25	321	0	0	0	0	0	0,5	0	0	2,4375	0	0	0	0	0	0	0	0	0	0	0	0	0	0	0	0	0	0	Bayliagio			
26	321	0	0	0	0	0	0	0	0	0	0	0	0	0	0	0	0	0	0	0	0	0	0	0	2,5	0,0520833333333333	0	0	Calma			
27	321	0	0	0	0	0	0	0	0	0	0	0	0	0	0	0	0	0	0	0	0	0,0833333333333333	0	0	1,25	0,109375	0	0	Assensa			
28	331	0	0	0	0	0	1	0	0	4,875	0	0	0	0	0	0	0	0	0	0	0	0	0	0	0	0	0	0	Bayliagio			
29	341	0	0	0	0	0	0,333333333333333	0	0	1,625	0	0	0	0	0	0	0	0	0	0	0	0	0	0	0	0	0	0	Bayliagio			
30	422	0	0	0	0	0	1	0	0	4,875	0	0	0	0	0	0	0	0	0	0	0	0	0	0	0	0	0	0	Terra cartinam	Podio Marci		
31	441	1	0	0	0	0	0	0	0	0	0	0	0	0	0	0	0	0	0	0	0	0	0	0	0	0	0	0	Lavata bealis			Cum quo adaquant prata veteris Armati
32	441	0	0	0	0	0	0	0	0	0	0	0	0	0	0	0	0	0	0	0	0	0	0	0	0	0	0	0	Terra	Podio Marci		
36	491	0	0	0	0	0	0	0	0	0	0	0	0	0	0	0	0	0	0	0	0	0,166666666666667	0	0	0	0,166666666666667	0	0	Pasturali	De Chalminaal		
37	501	0	0	0	0	0	0,5	0	0	2,4375	0	0	0	0,5	0	0	0	2,4375	0	0	0	0	0	0	0	0	0	0	Petia	Gatinho		
38	501	0	0	0	0	0	0	0	0	0	0	0	0	0	0	0	0	0	0	0	0	0,5	0	0	0	0,5	0	0	Prato			
39	561	0	0	1	0	0	0	0	0	9,75	0	0	0	9	0	0	0	43,875	0	0	0	0	0	0	0	0	0	0	Hiis quod idem petrus aquisivit ab aliis personis			
40	601	0	0	1	0	0	0	0	0	9,75	0	0	0	0	0	0	0	0	0	0	0	0	0	0	0	0	0	0	2 Petiae			
41	601	0	0	1	0	0	0	0	0	9,75	0	0	0	0	0	0	0	0	0	0	0	0	0	0	0	0	0	0	Petiam vocatam	Labraressa		
42	601	0	0	0	0	0	0	0	0	0	0	0	0	0	0	0	0	0	0	0	0	0,333333333333333	0	0	0	0,333333333333333	0	0	Pasturale			
43	611	0	0	0	0	0	0	0	0	0	0	0	0	0	0	0	0	0	0	0	0	0,333333333333333	0	0	0	0,333333333333333	0	0	Pasturale	Lasruschas		
44	611	0	0	0	0	0	6	0	0	29,25	0	0	0	1,5	0	0	0	7,3125	0	0	0	4	0	-1	0	3,95833333333333	0	0	Possessiones			Eius uxoris Petronille
45	651	0	0	0	0	0	0,5	0	0	2,4375	0	0	0	0	0	0	0	0	0	0	0	0	0	0	0	0	0	0	Prato et petia 	De la Pinea		
46	651	0	0	0	0	0	0	0	0	0	0	0	0	0	0	0	0	0	0	0	0	0,25	0	0	0	0,25	0	0	Prato 	Del Pontilhac		
47	651	0	0	0	0	0	0,5	0	0	2,4375	0	0	0	0	0	0	0	0	0	0	0	0	0	0	0	0	0	0				Nomine Michaelis eius fratre ut ambo asserebant
48	661	0,142857142857143	0	0	0	0	5	0	0	24,375	0	0	0	1,5	1	0	0	9,75	0	0	0	4,66666666666667	0	0	0	4,66666666666667	0	0	Possessiones		Loco et territorio de Masalibrant	Quas tenet nomine uxoris sue
49	661	0	0	0	0	0	0,5	0	0	2,4375	0	0	0	0	0	0	0	0	0	0	0	0	0	0	0	0	0	0	Pro nomine dicti Michaelis Hohannes eius frater ut albo asserebant			
50	671	0	0	0	0	0	0,50	0	0	2,4375	0	0	0	0	0	0	0	0	0	0	0	0	0	0	0	0	0	0	Dote sua			
51	681	0,142857142857143	0	0	0	0	0	0	0	0	0	0	0	0	0	1,25	0	12,1875	0	0	0	0	0	0	0	0	0	0	Domo			
52	731	0	1	0	0	0	0	0	0	0	0	0	0	0	0	0	0	0	0	0	0	0	0	0	0	0	0	0	Terre petia			
53	731	0	0	0	0	0	0	0	0	0	0	0	0	0	0	0	0	0	0	0	0	0,0833333333333333	0	0	0	0,0833333333333333	0	0	Pasturale			
54	741	0	0	0	0	0	0	0	0	0	0	0	0	0	0	0	0	0	0	0	0	0,166666666666667	0	0	0	0,166666666666667	0	0	Prato			Quod habuerunt a vocato Chanclausa olim
55	742	0	0	0	0	0	0	0	0	0	0	0	0	0	0	0	0	0	0	0	0	0,166666666666667	0	0	0	0,166666666666667	0	0	Pratum			
56	761	0	0	0	0	0	1	0	0	4,875	0	0	0	0	0	0	0	0	0	0	0	0	0	0	0	0	0	0	Decima ominum terrarum			
57	771	0	0	0	0	1	1	0	0	24,375	0	0	0	0	0	1	0	9,75	0	0	0	0	0	0	0	0	0	0	Decima ominum terrarum			
58	781	0	0	1	0	0	0	0	0	9,75	0	0	0	0	0	0	0	0	0	0	0	0	0	0	0	0	0	0	Decima ominum terrarum			
59	791	0	0	0	0	0	0	0	0	0	0	0	0	0	0	0	0	0	0	0	0	0,166666666666667	0	0	0	0,166666666666667	0	0	Pratum	Del Clauset		
60	841	0	0	0	0	0	0	0	0	0	0	0	0	0	0	0	0	0	0	0	0	0,666666666666667	0	0	0	0,666666666666667	0	0	Pratum		In territorio de Chanclausa	
61	842	0	0	0	0	0	0	0	0	0	0	0	0	0	0	0	0	0	0	0	0	0,333333333333333	0	0	0	0,333333333333333	0	0	Pratum		Apud Chanclausa	
62	843	0	0	0	0	0	0	0	0	0	0	0	0	0	0	0	0	0	0	0	0	1	0	0	0	1	0	0	Pratum		In territorio de Chanclausa	
63	851	0	0	0	0	0	0	0	0	0	0	0	0	0	0	0	0	0	0	0	0	1	0	0	0	1	0	0	Pratum		Apud Chanclausa	
64	852	0	0	0	0	0	0	0	0	0	0	0	0	0	0	0	0	0	0	0	0	0,333333333333333	0	0	0	0,333333333333333	0	0	Pratum		In territorio de Chanclausa	
65	861	0	0	0	0	0	0	0	0	0	0	0	0	0	0	0	0	0	0	0	0	0,666666666666667	0	0	0	0,666666666666667	0	0	Pratum			
66	863	0	0	0	0	0	1,5	0	0	7,3125	0	0	0	1,5	0	0	0	7,3125	0	0	0	1,5	0	0	0	1,5	0	0	Pratum			
67	863	0	0	0	0	0	0	0	0	0	0	0	0	0	0	0	0	0	0	0	0	0,166666666666667	0	0	0	0,166666666666667	0	0	Pasturale			
68	871	0	0	0	0	0	0	0	0	0	0	0	0	0	0	0	0	0	0	0	0	18	0	0	0	18	0	0	Prato paretas			
69	881	0	0	0	0	0	3	0	0	14,625	0	0	0	0,5	0	0	0	2,4375	0	0	0	1,66666666666667	0	0	0	1,66666666666667	0	0	Terris et prata			
70	881	0	0	1	0	0	0,5	0	0	12,1875	0	0	0	1	0	0	-0,5	4,265625	0	0	0	16	0	1	0	16,0416666666667	0	0	Terris et possessionibus			
71	881	0	0	0	0	0	1	0	0	4,875	0	0	0	1	0	0	0	4,875	0	0	0	0	0	1	0	0,0416666666666667	0	0	Terris			Pro Pasturali de Borza Mantello
72	881	0	0	0	0	0	0	0	0	0	0	0	0	0	0	0	0	0	0	0	0	0	0	3	0	0,125	0	0	Terris			Pro Pasturali de Borza Mantello
73	881	0	0	0	0	0	0	0	0	0	0	0	0	0	0	0	0	0	0	0	0	0,0833333333333333	0	0	0	0,0833333333333333	0	0	Pasturale			
79	1031	0	0	0	0	0	0	0	0	0	0	0	0	0	0	0	0	0	0	0	0	1,25	0	0	0	1,25	0	0	Pratis et pasturalibus			
80	1031	0	0	0	0	0	0,5	0	0	2,4375	0	0	0	0	1	0	0	2,4375	0	0	0	0	0	0	0	0	0	0	Terra			
81	1031	0	0	0	0	0	0	1	0	2,4375	0	0	0	0	0	0	0	0	0	0	0	0	0	0	0	0	0	0	Petia terre	De la Jarosseria		
82	1051	0	0	0	0	0	0	3	0	7,3125	0	0	0	0	3	0	0	7,3125	0	0	0	8,58333333333333	0	0	0	8,58333333333333	0	0	Terris			
83	1051	0	0	0	0	0	0,5	0	0	2,4375	0	0	0	0	0	0	0	0	0	0	0	0	0	0	0	0	0	0	Terris			
84	1071	0	0	0	0	0	6	0	0	29,25	0	0	0	3	0	0	0	14,625	0	0	0	0	0	0	0	0	0	0	Terris			
85	1071	0	0	0	0	0	0	0	0	0	0	0	0	0	0	0	0	0	0	0	0	17,5	0	0	0	17,5	0	0	Pratis et pasturalibus			
86	1071	0	0	0	0	0	0,5	0	0	2,4375	0	0	0	0,5	0	0	0	2,4375	0	0	0	0	0	0	0	0	0	0	Terra		Sita in manso de Masferiol et Chanblando, infra territorio de Malagayta	
87	1071	0	0	0	0	0	0	0	0	0	0	0	0	0	0	0	0	0	0	0	0	1,25	0	0	0	1,25	0	0	Sanha	De Las Blachas		
88	1071	0	0	0	0	0	0	1	0	2,4375	0	0	0	0	0	0	0	0	0	0	0	0	0	0	0	0	0	0	Terra	De Bolamo		
89	1081	0	0	0	0	0	3	1,33333333333333	0	17,875	0	0	0	1	1,33333333333333	0	0	8,125	0	0	0	0	0	0	0	0	0	0	Terris			
90	1081	0	0	0	0	0	0	0	0	0	0	0	0	0	0	0	0	0	0	0	0	9,66666666666667	0	1,33333333333333	0	9,72222222222222	0	0	Pratis et pasturalibus			
91	1091	0	0	0	0	0	0	0	0	0	0	0	0	0	0	0	0	0	0	0	0	9,66666666666667	0	1,33333333333333	0	9,72222222222222	0	0	Pratis			
92	1101	0	0	0	0	0	0	0	0	0	0	0	0	0	0	0	0	0	0	0	0	0,5	0	0	0	0,5	0	0	Sana	Las Blachas		
94	1123	0	0	0	0	0	0	0	0	0	0	0	0	0	0	0	0	0	0	0	0	0,5	0	0	0	0,5	0	0	Prato			
95	1124	0	0	0	0	0	0,5	0	0	2,4375	0	0	0	0,5	0	0	0	2,4375	0	0	0	0,25	0	0	1,5	0,28125	0	0	Pro uxor filii sui			
96	1133	0	0	0	0	0	1	0	0	4,875	0	0	0	1	0	0	0	4,875	0	0	0	0,166666666666667	0	1	1	0,229166666666667	0	0	Pro consanguineris suis			
97	1141	0	0	0	0	0	0	0	0	0	0	0	0	0	0	0	0	0	0	0	0	0,666666666666667	0	0	0	0,666666666666667	0	0	Pratum		Situm in territorio de Chanclausa	
98	1171	0	0	0	0	0	0	0	0	0	0	0	0	0	0	0	0	0	0	0	0	0,333333333333333	0	1	0	0,375	0	0	Pratum	Del Sant	Situm in territotio de Lascostas	
99	1172	0	0	0	0	0	0	0	0	0	0	0	0	0	0	0	0	0	0	0	0	1	0	0	0	1	0	0	Unius dimidiam Seytoratam Prati			
100	1181	0	0	0	0	0	0	0	0	0	0	0	0	0	0	0	0	0	0	0	0	0,25	1	0	0	0,270833333333333	0	0	Pratum		Situm in territorio de Tenharant	
101	1182	0	0	0	0	0	0	0	0	0	0	0	0	0	0	0	0	0	0	0	0	0,75	0	0	0	0,75	0	0	Pratum		Situm in territorio de Relharant	
102	1183	1	0	0	0	1	0	0	0	19,5	0	0	0	12	0	0	0	58,5	0	0	0	5	0	0	0	5	0	0	Masacgio	De Relharant		
103	1292	1	0	0	0	0	0	0	0	0	0	0	0	0	0	0	0	0	0	0	0	1	0	0	0	1	0	0	Terre petiam	Ortum de Las Craynas	Subtus domi vocati Vileta	
104	1301	0	0	0	0	0	0	0	0	0	0	0	0	0	0	0	0	0	0	0	0	0	0	3	0	0,125	0	0	Domum + ortum			
105	1302	0	0	0	0	0	0	0	0	0	0	0	0	0	0	0	0	0	0	0	0	0,0833333333333333	0	0	0	0,0833333333333333	0	0	Domum + ortum			
106	1312	0	0	0	0	0	0	0	0	0	0	0	0	0	0	0	0	0	0	0	0	0,166666666666667	0	0	0	0,166666666666667	0	0	Pratum		Situm apud Chapons in territorrio vocato de Las Vinhas	
107	1313	0	0	0	0	0	0	0	0	0	0	0	0	0	0	0	0	0	0	0	0	0,0833333333333333	0	0	0	0,0833333333333333	0	0	Pratum		Situm in territorio de Las Vinhas de Chapons	
108	1314	0	0	0	0	0	0	0	0	0	0	0	0	0	0	0	0	0	0	0	0	0,0833333333333333	0	0	0	0,0833333333333333	0	0	Terre petiam		Sitam apud Jannac, in territorio de Chastanhier	
109	1315	0	0	0	0	0	0	0	0	0	0	0	0	0	0	0	0	0	0	0	0	0	0	?	0	#VALEUR !	0	0	Vineam		Sitam in territorio de Ruppe	
110	1331	0	0	0	0	0	0	0	0	0	0	0	0	0	0	0	0	0	0	0	0	0,75	0	0	0	0,75	0	0	Domum			
111	1332	0,5	0	0	0	0	0	0	0	0	0	0	0	0	0	0	0	0	0	0	0	0	0	0	0	0	0	0	Pathegnes		Loci de Ruppe	
112	1332	0	0	0	0	0	0	1	0,5	3,046875	0	0	0	0,5	0,5	0	0	3,65625	0	0	0	2,16666666666667	0	1	0,5	2,21875	0	0	Possessiones	Martine uxor Petri		
113	1333	0	0	0	0	0	0	0	0	0	0	0	0	0	0	0	0	0	0	0	0	0,0833333333333333	0	0	0	0,0833333333333333	0	0	Terra + nemus	Dens Vernes	Sita in territorio de la Planeta	
114	1341	0	0	0	0	0	0	0	0	0	0	0	0	0	0	0	0	0	0	0	0	0,166666666666667	0	0	0	0,166666666666667	0	0	Pupardo			
115	1342	0	0	0	0	0	0	0	0	0	0	0	0	0	0	0	0	0	0	0	0	0,166666666666667	0	0	0	0,166666666666667	0	0	Pupardo			
116	1361	0	0	0	0	0	0	0	0	0	0	0	0	1	0	0	0	4,875	0	0	0	0	0	0	0	0	0	0	Ortum			
117	1361	0	0	0	0	0	0	0	0	0	0	0	0	0	0	0	0	0	0	0	0	1,75	0	0	0	1,75	0,0833333333333333	0	Pratum			
118	1361	0	0	0	0	0	0	0	0	0	0	0	0	0	0	0	0	0	0	0	0	0,5	0	0	0	0,5	0	0	Pratum			
119	1361	0	0	0	0	0	0	0	0	0	0	0	0	0	0	0	0	0	0	0	0	2,16666666666667	0	0	0	2,16666666666667	0	0	Pratum			
120	1361	0	0	0	0	0	0	0	0	0	0	0	0	0	0	0	0	0	0	0	0	0,0833333333333333	0	0	0	0,0833333333333333	0,0833333333333333	0	Partem pasturalium communum			
121	1361	0	0	0	0	0	0	0	0	0	0	0	0	0,5	0	0	0	2,4375	0	0	0	0	0	0	0	0	0	0	Domum + ortum			
122	1361	0	0	0	0	0	0	0	0	0	0	0	0	1	0	0	0	4,875	0	0	0	0	0	0	0	0	0	0	Ortum			
123	1361	0	0	0	0	0	0	0	0	0	0	0	0	0	0	0	0	0	0	0	0	0	0	0	0	0	0	0	Duorum prati			
124	1361	1	0	0	0	0	0	0	0	0	0	0	0	1	0	0	0	4,875	0	0	0	0	0	0	0	0	0	0	Domo, chambro, grangia uxoris sue et orto contiguo ortis qui habuit a dicta Jalaa			
125	1361	0	0	0	0	0	0	0	0	0	0	0	0	0	0	0	0	0	0	0	0	0,0833333333333333	0	0	0	0,0833333333333333	0,0833333333333333	0	Partem pasturale	Las Pinetas		
126	1361	0	0	0	0	0	3	0	0	14,625	0	0	0	3	0	0	0	14,625	0	0	0	0	0	0	0	0	0	0	Ouchia	Uxoris sue		
127	1361	0	0	0	0	0	0	0	0	0	0	0	0	0	0	0	0	0	0	0	0	0	0	3	0	0,125	0	0	Terra et pasturalia			
128	1361	0	0	0	0	0	0	0	0	0	0	0	0	0	0	0	0	0	0	0	0	2,5	0	0	0	2,5	0	0	Nemus	De Talhaessa		
129	1361	0	0	0	0	0	0	0	0	0	0	0	0	0	0	0	0	0	0	0	0	1	0	0	0	1	0	0	Pratum			
130	1361	0	0	0	0	0	0	0	0	0	0	0	0	0	1	0	0	2,4375	0	0	0	0	0	0	0	0	0	0	Ortum			
131	1361	0	0	0	0	0	0	0	0	0	0	0	0	0	0	0	0	0	0	0	0	1	0	0	0	1	0	0	Pratum			
132	1361	0	0	0	0	0	0	0	0	0	0	0	0	0	1	0	0	2,4375	0	0	0	0	0	0	0	0	0	0	Ortum			
133	1361	0	0	0	0	0	0	0	0	0	0	0	0	0	0	0	0	0	0	0	0	1,91666666666667	0	1	0	1,95833333333333	0	0	Pratum		Sita in loco de Spaetis	
134	1361	0	0	0	0	0	0	0	0	0	0	0	0	0	0	0	0	0	0	0	0	0,75	0	1	0	0,791666666666667	0	0	Pratum		Situm apud Ceisonera	
135	1361	0	0	0	0	0	0	1	0	2,4375	0	0	0	0	1	0	0	2,4375	0	0	0	0	0	0	0	0	0	0	Nemus			
136	1381	0,333333333333333	0	0	0	0	0	0	0	0	0	0	0	0	0	0	0	0	0	0	0	0	0	0	0	0	0	0	Casale		Situm apud Lavileta	
137	1381	0	0	0	0	0	0	0	0	0	0	0	0	0	0	0	0	0	0	0	0	2,25	0	0	0	2,25	0	0	Duabus prati			
138	1383	0	0	0	0	0	0	0	0	0	0	0	0	0	0	0	0	0	0	0	0	1	0	0	0	1	0	0	Terris			
139	1392	1	0	0	0	0	0	0	0	0	0	0	0	0	0	0	0	0	0	0	0	0	0	0	0	0	0	0	Domos		Sitas apud La Vileta	
140	1392	0	0	0	0	0	0	0	0	0	0	0	0	0	0	0	0	0	0	0	0	7,33333333333333	0	0	0	7,33333333333333	0	0	Duabus prati			
141	1402	0	0	0	0	0	0	0	0	0	0	0	0	0	0	0	0	0	0	0	0	1,5	0	0	0	1,5	0	0	Redevance à Devesset			
142	1411	0	0	0	0	0	0	0	0	0	0	0	0	0	0	1	0	9,75	0	0	0	0	0	0	0	0	0	0	Ortis			
143	1411	0	0	0	0	0	0	0	0	0	0	0	0	0	0	0	0	0	0	0	0	45,75	0	0	0	45,75	0	0	Prata	De Latrona et de Mondeiras sive de Plafayno		
144	1411	0	0	0	0	0	0	0	0	0	0	0	0	0	3	0	1	8,53125	0	0	0	0	0	0	0	0	0	0	Nemus			
145	1411	0	0	0	0	0	0	0	0	0	0	0	0	0	3	0	1	8,53125	0	0	0	0	0	0	0	0	0	0	Calma			
146	1411	0	0	0	0	0	0	0	0	0	0	0	0	0	0	0	0	0	0	0	0	0,791666666666667	0	0	0	0,791666666666667	0	0	Constat in notarii de inter limacura			
147	1421	1	0	0	0	0	0	0	0	0	0	0	0	0	0	0	0	0	0	0	0	0	0	0	0	0	0	0	Domum		Sitam apud Ruela	
148	1421	0	0	0	0	0	0	0	0	0	0	0	0	0	1,33333333333333	0	0	3,25	0	0	0	0	0	0	0	0	0	0	Partem pasturali	Del Sanhatz		
149	1421	0	0	0	0	0	0	0	0	0	0	0	0	0	0	0	0	0	0	0	0	0,5	0	0	0	0,5	0	0	Partem pasturali et pratorum			
150	1421	0	0	0	0	0	0	0	0	0	0	0	0	0	0	0	0	0	0	0	0	5,33333333333333	0	0	0	5,33333333333333	0,333333333333333	0	Duorum prati			
151	1421	0	0	0	0	0	0	0	0	0	0	0	0	0,5	1,2	0	0	5,3625	0	0	0	0	0	0	0	0	0	0	Partem pasturalium communum	Ruela		
152	1432	0	0	0	0	0	0	0	0	0	0	0	0	0	0	0	0	0	6	1	0	0	0	0	0	0	0	0	Chastanherum	De Verneto		
153	1441	0	0	0	0	0	0	0	0	0	0	0	0	0	0	0	0	0	0	0	0	4	0	0	0	4	0	0	Totum loco	Viridario		
154	1441	0	0	0	0	0	0	0	0	0	0	0	0	0	0	0	0	0	0	0	0	1,33333333333333	0	0	0	1,33333333333333	0	0	Partem suem totum locum	Viridario		
155	1442	0	0	0	0	0	0	0	0	0	0	0	0	0	0	0	0	0	0	0	0	1,33333333333333	0	0	0	1,33333333333333	0	0	Partem suem totum locum	Viridario		
156	1443	0	0	0	0	0	0	0	0	0	0	0	0	0	0	0	0	0	0	0	0	1,08333333333333	0	0	0	1,08333333333333	0	0	Territorii seu tenementi	Combasola		
157	1451	0	0	0	0	0	0	1	0	2,4375	0	0	0	0	0	0	0	0	0	0	0	0	0	0	0	0	0	0	Terra	De Picota		
158	1461	0	0	0	0	0	1,5	0	0	7,3125	0	0	0	1,5	0	0	0	7,3125	0	0	0	5,58333333333333	0	1	0	5,625	0	0	Possessiones Petronille eius uxoris			
159	1482	0	0	0	0	0	1	0	0	4,875	0	0	0	0	0	0	0	0	0	0	0	0	0	0	0	0	0	0	Pro Bernardo de Chananhac			
160	1492	0	0	0	0	0	0	0	0	0	0	0	0	0	0	0	0	0	0	0	0	0,25	0	0	0	0,25	0	0	Petiam terre		Sitas in tenementum de Las Gotas	
161	1492	0	0	0	0	0	0	0	0	0	0	0	0	0	0	0	0	0	0	0	0	0,5	0	0	0	0,5	0	0	Leanata	Del Beal		
162	1493	0	0	0	0	0	0	0	0	0	0	0	0	0	0	0	0	0	0	0	0	0,5	0	0	0	0,5	0	0	Duorum prati			
163	1501	0	0	0	0	0	0	0	0	0	0	0	0	0	0	0	0	0	0	0	0	1,08333333333333	0	1	0	1,125	0	0	Medietatum prati	Las Costas	Situm in territotio de Monneta	
164	1502	0	0	0	0	0	0	0	0	0	0	0	0	0	0	0	0	0	0	0	0	0,25	0	0	0	0,25	0	0	Casale + ortum		Situm in loco de Villalonia	
165	1502	0	0	0	2	0	0	0	0	78	0	0	0	0	0	1	0	9,75	0	0	0	0	0	0	0	0	0	0	Tenementum	Del Maset		
166	1521	1	0	0	2	0	0	0	0	78	0	2	0	0	0	0	0	78	0	0	0	25	0	0	0	25	0	0	Tenementum	De Feudo		
167	1522	0	0	0	0	0	0	0	0	0	0	0	0	0	0	0	0	0	0	0	0	0,333333333333333	0	0	0	0,333333333333333	0	0	Petiam terre		Sitam in territorio de Loyl Dens Cornus	
168	1531	1	0	0	0	0	0	0	0	0	0	0	0	0	0	0	0	0	0	0	0	0	0	0	0	0	0	0	Domum		Sitam apud La Valeta ribrant	
169	1531	0	0	0	0	0	0	0	0	0	0	0	0	0	0	0	0	0	0	0	0	2,83333333333333	0	0	0	2,83333333333333	0	0	Duarum prati			
170	1541	1	0	0	0	1	0	0	0	19,5	0	0	1	0,333333333333333	0	0	0	21,125	0	0	0	0	0	0	0	0	0	0	Domum + ortum + terram			
171	1541	0	0	0	0	0	0	0	0	0	0	0	0	0	0	0	0	0	0	0	0	0,666666666666667	0	0	0	0,666666666666667	0	0	Pratum + creysementum			
172	1541	0	0	0	0	0	0	0	0	0	0	0	0	0	0	0	0	0	0	0	0	0,333333333333333	0	0	0	0,333333333333333	0	0	Pratum			Incluso censu quos tenetur dare de La Putetas
173	1542	0	0	0	0	0	0	0	0	0	0	0	0	0	0	0	0	0	0	0	0	0,333333333333333	0	0	0	0,333333333333333	0	0	Partem coste	Salvagia		
174	1551	1	0	0	0	0	0	0	0	0	0	0	0	1	0	0	0	4,875	0	0	0	0	0	0	0	0	0	0	Domum + ortum + ouchia			
175	1561	1	0	0	0	0	0	0	0	0	0	0	0	0	0	0	0	0	0	0	0	0	0	0	0	0	0	0	Domum		Sitam apud La Valeta	
176	1561	0	0	0	0	0	0	0	0	0	0	0	0	0	0	0	0	0	0	0	0	1,83333333333333	0	0	0	1,83333333333333	0	0	Pratum	Vocatum la Sanha del Moli	Situm apud La Valeta	
177	1581	0	0	0	0	0	0	0	0	0	0	0	0	0	0	0	0	0	0	0	0	1,25	0	0	0	1,25	0	0	Possessiones + Bessaam	Petri eius fratri	Loco de Las Fontetas	
178	1581	0	0	0	0	0	0	0	0	0	0	0	0	1	0,5	0	0	6,09375	0	0	0	0	0	0	0	0	0	0	Petia		Sita apud Cumbanrias	
179	1582	0,166666666666667	0	0	0	0	0	0	0	0	0	0	0	0	0	0	0	0	0	0	0	0	0	0	0	0	0	0	Casale		Situm apud la Vileta	
180	1583	0,166666666666667	0	0	0	0	0	0	0	0	0	0	0	0	0	0	0	0	0	0	0	0	0	0	0	0	0	0	Casale		Situm in loco de la Vileta	
181	1601	0	0	0	0	0	0,5	0	0	2,4375	0	0	0	0	0	0	0	0	0	0	0	0	0	0	0	0	0	0	Terra + ortos			
182	1622	0	0	0	0	0	0	0	0	0	0	0	0	0	0	0	0	0	0	0	0	0,416666666666667	0	0	0	0,416666666666667	0	0	Terre petiam + petiam			
183	1623	0	0	0	0	0	0	0	0	0	0	0	0	0	0	0	0	0	0	0	0	0,166666666666667	0	0	0	0,166666666666667	0	0	Terre petiam		Sitam in territorio del Serre de Hereone	
184	1721	0	0	0	0	0	0	0	0	0	0	0	0	0	0	0	0	0	0	0	0	0,333333333333333	0	0	0	0,333333333333333	0	0	Quintam partem nemoris		Siti in nemore de Ruppe	
185	1722	0	0	0	0	0	0	0	0	0	0	0	0	0	0	0	0	0	0	0	0	0,416666666666667	0	0	0	0,416666666666667	0	0	Duas partesprati et terre			
186	1751	0,5	0	0	0	0	0	0	0	0	0	0	0	0	0	0	0	0	0	0	0	0	0	0	0	0	0	0	Domum		Sitam apud Villam Novam Devesseti	
187	1751	0	0	0	0	0	0	0	0	0	0	0	0	0,5	0	0	0	2,4375	0	0	0	0	0	0	0	0	0	0	Duos partarum ortarum			
188	1751	0	0	0	0	0	0	0	0	0	0	0	0	0	0	0	0	0	0	0	0	3	0	1,33333333333333	0	3,05555555555556	0	0	Partem prati et pasturali			
189	1751	0	0	0	0	0	0	0	0	0	0	0	0	0	0	0	0	0	0	0	0	0,833333333333333	0	0	0	0,833333333333333	0	0	Pratum et pasturale	Liberorum suorum		
190	1751	0	0	0	0	0	1,5	0	0	7,3125	0	0	0	0,5	0	0	0	2,4375	0	0	0	0	0	0	0	0	0	0	Terram			
191	1751	0	0	0	0	0	0	0	0	0	0	0	0	0	0	0	0	0	0	0	0	0,666666666666667	0	0	0	0,666666666666667	0	0	Creycensa prati et arboribus ibidem cressentibus			
192	1761	0	0	0	0	1	0	0	0	19,5	0	0	1	0	0	0	0	19,5	0	0	0	0	0	0	0	0	0	0	Terram		Situatam in Podio de Gant	
193	1761	0	0	0	0	0	1	0	0	4,875	0	0	0	0,5	0	0	0	2,4375	0	0	0	0	0	0	0	0	0	0	Terre petiam			
194	1761	0	0	0	0	0	0,5	0	0	2,4375	0	0	0	0,5	0	0	0	2,4375	0	0	0	0	0	0	0	0	0	0	Petiam			
195	1761	0	0	0	0	0	0	0	0	0	0	0	0	0	0	0	0	0	0	0	0	2	0	0	0	2	0	0	Pratum et pasturale	Las Poloyras		Jacmete uxor eius filii
196	1761	0	0	0	0	0	0	0	0	0	0	0	0	0	0	0	0	0	0	0	0	0,5	0	0	0	0,5	0	0	Duabus levatus aque			Jacmete uxor eius filii
197	1761	0	0	0	0	0	0	0	0	0	0	0	0	0	0	0	0	0	0	0	0	0,5	0	0	0	0,5	0	0	Partis pasturacgiorum		Devesseti	Jacmete uxor eius filii
198	1761	0	0	0	0	0	0	0	0	0	0	0	0	0	0	0	0	0	0	0	0	1	0	0	0	1	0	0	Pratum			Jacmete uxor eius filii
199	1761	0	0	0	0	0	0	0	0	0	0	0	0	0	0	0	0	0	0	0	0	1	0	0	0	1	0	0	Pratum		Situm a Las Pozoyras	Jacmete uxor eius filii
200	1761	0	0	0	0	0	0	0	0	0	0	0	0	0	0	0	0	0	0	0	0	2,83333333333333	0	0	0	2,83333333333333	0	0	Pratum		Situm in summitatem de Las Pozoyras	Jacmete uxor eius filii
201	1762	0	0	0	0	0	0	0	0	0	0	0	0	0	0	0	0	0	0	0	0	0,5	0	0	0	0,5	0	0	Pratum	Pratum Artaudent	Situm in territorio d'Arnaudes	
202	1762	0	0	0	0	0	0	0	0	0	0	0	0	0	0	0	0	0	0	0	0	1	0	0	0	1	0	0	Pratum	Pratum Bacalheira	Situm in territorio vocato Dastafort	
203	1781	0	0	0	0	0	0	1	0	2,4375	0	0	0	0	0	0	0	0	0	0	0	0	0	0	0	0	0	0	Nemus		Situm in territorio de Picota	
204	1792	1	0	0	0	0	7,5	1	0	39	0	0	0	7,5	0	0	0	36,5625	0	0	0	4	0	0	0	4	0	0	Domus + pratum			
205	1792	0	0	0	0	0	0	0	0	0	0	0	0	0	0	0	0	0	0	0	0	0,166666666666667	0	0	0	0,166666666666667	0,166666666666667	0	Tenementorium	Las Putetas		
206	1801	0	0	0	0	0	5	1	0	26,8125	0	0	1	0,5	0	0	0	21,9375	0	0	0	6,16666666666667	0	0	0	6,16666666666667	0	0	Calmam + mansum			
207	1802	0	0	0	0	0	0	1	0	2,4375	0	0	0	0	0	1	0	9,75	0	0	0	6	0	0	0	6	0	0	Tenementum + pratis			
208	1803	0	0	0	0	0	0	0	0	0	0	0	0	0,5	0	0	0	2,4375	0	0	0	0	0	0	0	0	0	0	Pratum	Uxoris sue	Situm in territorio de Fonte Frigido sito in territorio de Frigidis Parietibus	
209	1812	0	0	0	0	0	0	0	0	0	0	0	0	0,5	0	0	0	2,4375	0	0	0	0	0	0	0	0	0	0	Pertem nemore	Issarti Symiont	Situm in nemore de Ruppem	
210	1813	0	0	0	0	0	0	0	0	0	0	0	0	0	0	0	0	0	0	0	0	0,0833333333333333	0	0	0	0,0833333333333333	0	0	Partem prati	La Cumbeta		
211	1813	0	0	0	0	0	0	0	0	0	0	0	0	0	0	0	0	0	0	0	0	0,416666666666667	0	0	0	0,416666666666667	0	0	Partem nemoris	Dens Vernes		
212	1821	0	0	0	0	0	0	0	0	0	0	0	0	0,5	0	0	0	2,4375	0	0	0	0	0	0	0	0	0	0	Petiam nemoris		Site in territorio de Ruppe	
213	1822	0	0	0	0	0	0	0	0	0	0	0	0	1	0	0	0	4,875	0	0	0	0	0	0	0	0	0	0	2 petiam terre			
214	1823	0	0	0	0	0	0	0	0	0	0	0	0	0,5	0	0	0	2,4375	0	0	0	0	0	0	0	0	0	0	Terre petiam		Sitam apud la Cros del Champ	
215	1824	0	0	0	0	0	0	0	0	0	0	0	0	0,5	0	0	0	2,4375	0	0	0	0	0	0	0	0	0	0	Domum		Sitam apud Cruce del Champ	
216	1831	0	0	0	0	0	1	0	0	4,875	0	0	0	1	0	0	0	4,875	0	0	0	0	0	0	0	0	0	0	Treisensiis			
217	1831	0	0	0	0	0	0	0	0	0	0	0	0	0	0	0	0	0	0	0	0	0,583333333333333	0	0	0	0,583333333333333	0,583333333333333	0	Partem	Las Putetas		
218	1862	0	0	0	0	0	0	5	0	12,1875	0	0	0	0	1,5	0	0	3,65625	0	0	0	1,5	0	0	0	1,5	0	0	Prata, pasturalia et terras		Loco et territorio de Lermet	
219	1872	0	0	0	0	0	0	1	0	2,4375	0	0	0	0	0,5	0	0	1,21875	0	0	0	0,333333333333333	0	0	0	0,333333333333333	0	0	Terram + pratum		Situm apud la Vileta	
