Id_detail_possession	Id_reconnaissance	Possession	Nom	Personne_concernée	Lieu	Confront 1	Confront 2	Confront 3	Confront 4	Confront 5	Confront 6	Supplément
1	142	Terram			In comitate loci de Maysonetis							
2	142	Pasturalia			In comitate loci de Maysonetis	Domui suum						
3	142	Possessiones										Que idem Girandus aquisivit a dicto Marco de Spaetis
4	151	Possessiones			In comitate de Maisonetis							
5	151	Domos			Sius apud Chalmariais							
6	151	Grangiam			Sius apud Chalmariais							
7	151	Pratum										Quod aquisivit a Guigone La Boscha
8	151	Possessiones										Quod aquisivit a Petro et Laurentio de maisonetis fratrum
9	162	Domos, prata, orti, campi et nemora et alii terra		354	Locus de Chalmariais	Territorio de Maysonetis	Terra Hominum de Chalmetis					Tres partes omnium et singulorum rerum et possessiones qua condam Johanis Martonis habebat et tenebat et possidebat in loco et territorio de Chalmariais
10	181	Pasturale	Dens Cumbens		Situm in territorio de Maisonetis	Pasturalibus Jacobi Fayni						Circumcircam
11	181	Ortum, campos, prata et pasturalia et nemora et alias possessiones		343								Quod condam fuerunt Petronille filie Petri Chaulent condam uxoris sua condam
12	181	Domum			Sitam apud Chalmariais							
13	182	Balayam pasturali	De Fornet			Rialham de Forneti	Aquade Forneti					
14	182	Pasturale	De Laboseta									
15	182	Costam				Petia Mathei Cesi	Petia Jacobi Fayni vocata de Pralont	Prato Johanis de Chalmetas				
16	191	Domum			Sitam apud Chalmariais							
17	191	Ortum				Domum suum	Patili de Chalmariais					
18	201	Petiam	De Calma									Quam aquisivit a Thoma eius fratre
19	201	Domum			Sitas in loco de Chalmariais							
20	201	Grangiam			Sitas in loco de Chalmariais							
21	201	Pratum			Situm in loco seu territorio de Maisonetis	Prato Petri de Prim	Terra Dens Verilhas					
22	211	Domum		372	Sitas apud Chalmariais							
23	211	Ortum, prata, compos, pasturalia, casalia, nemora et casamenta			Omnia sita sunt in territorio de Chalmariais							Que condam fuerunt dicte Johanete Penarde condam
24	211	Domum			Sitam apud Chalmariais							
25	211	Ortum			Sitam in loco de Chalmariais							
26	211	Calme			Sitas in comitate	Terra Dens Pontetz	Prato Jacobi Fayni					Quod assenssate sunt per eiusdem
27	221	Ortum, compos, prata, pascua, pasuralia et nemora et omnes alias terras et possessiones		320	In loco et territorio de Chalmariais							
28	221	Domum		320	Sitam apud Chalmariais							
29	221	Domum			Sitam apud Chalmariais							
30	221	Pratum			Situm in comitate de Maisonetis	Pratum Jacobi Chambonat						
31	261	Petias	Laolh et Onchis de Novo									
32	271	Nemoris	Sancto Anthonio									
33	281	Petias			Chalamariais	Petia Girandi Fayni	Terra Chome Chambonant					Non est diu assensate pro ipsum
34	281	Nemoris										Olim aquisit Amarco de Chalmariais
35	291	Prata										Aquisit a jacmeta de Sancto Anthonio
36	301	Pasturalia	De Larialha			Ses propres terres	Terre Domine de Lardayrol sine de Veilharma	Territorio vocato Dens Clotz				
37	301	Amplius partem suam cuiusdam calme	Dens Bayilh		Territorio de Maysonetis							Promidunso cum diminis de Bello Prandici
38	301	Partem suam			Teritorii Dens Clotz	Terra dicti Petri Raymundi	Terra illorum Dens Masens	Ses propres terres				
39	301	Campum				Juxta calmam Dens Bayilhs	Terra Johanis de Chalmis	Terra Petri Raymundi				
40	311	Nemus	De Coray			Nemore Fansonis de Chalmetis	Rialha vocate de Lacrestrana					
41	311	Calme	Del Baylh		In loco comitatis ad censum pertinentiis domui seu castrii Devesseti							
42	311	Tertia partius totius tenementi 	Dens Pontetz			Teritorio de Laschalins	Terra quorone dicte domus Devesseti	Terra comitatis vocatis de Maysonetis				
43	311	Prata										Olim fuit Gregorii de La Boscha
44	321	Nemus	De Coray			Nemore de Fansons de Chalmetis	Los Bimatz de Chalmetis					
45	321	Partem calme	Del Bayl		In territorio de Maysonetis							Cum illis de Bello Prandio et dicte domus
46	321	Medietatem teritorii	Dens Potetz									
47	321	Medietatem loci	Dens Potetz									
48	321	Prata										Olim fuit Gregorii de la Boscha
49	331	Terras	Del Rochaynl									
50	331	Assensamento	Del Rochaynli									
51	331	Assensamento	Las Chalmassas									
52	331	Locum			De la Boscha	Terra de Gardalhac	Terra cartina domus Devesseti					
53	331	Tenementum			De la Boscha	Terra de Gardalhac	Terra cartina domus Devesseti					
54	341	Domum			Sitam apud Lapescha							
55	341	Locum			Terra loci de Chalmetis	Nemore de Hao	Aqua de Lobaressas					
56	351	Pratum			Situm in locum vocatum del Reondet de la Boscha	Pratis Girandi et Martini de la Boscha	Prato Girandi Fayni de Chalmariais					
57	361	Pratum			Situm in teritorio de Chalmariais	Prato Peyruchonis Paulini de la Brueira	Pasturali Johanis de Chalmetis	Vinatz illorum de Chalmetis	Pasturali Mathei de la Brueira			
58	362	Nemus			Situm apud Coray in territorio de Chalmetis	Nemore de Chalmetis	Nemore illorum Dens Potetz					
59	362	Pratum			Situm in prato de Lobaressas situm in teritorio de Chalmetis et de Chalmetis	Via qua itur de Chalmariais versus Tensanum	Iro de Lobaressas	Prato Girandi et Martini de Boscha				
60	362	Pratum			Situm subtus Coray	Nemore de Coray	Passata de Coray de Lobaressas					
61	422	Terra cartinam	Podio Marci			Terra prioratus de Chambone	Terra grangiagii de Chauleto	Terra domini aniciensis episcopi				
62	422	Locum			Dens Tananos	Territorio de Ganesto et Pratis de Ramigius	Pratis et petus loci de Fila Trama et territorio grangiagii de Chauleto					
63	422	Domos			Sitas in loco Dens Tananos							
64	441	Terram	Podio Marci									In vilanagium
65	441	Prata			Sita in dicto tenemento (de Fila Trama)	Dicto Garaito	Pratis dicti Michaelis Tanani	Terra dominorum veteris Armati	Pratis de romigerus quodam rivo medio			
66	441	Grangiam			Sitam apud Fila Trama							
67	441	Ortos			Sitos in loco de Fila Trama							
68	441	Garaitum			Situm in dicto loco (de Fila Trama)	Dicti domibus (de Fila Trama)	Tenemento de Chauleto	Tenemento Michaelis Tanani				
69	451	Grangiam			Sitas apud le Mont St Marci							
70	451	Possessiones			Territorium del Mont	Terra claustre de Tensano prout protenditur via que vadit versus Masalibrant de loco Tensani	Terra hominum de Mendigalas	Terra heredum Mathei Chaluent de Mendigolas	Territorio del Mastortet	Territorio de Paulhat		
71	461	Domum			Apud Lemont							
72	461	Grangiam			Apud Lemont							
73	481	Unam seytoratam prati	Prati Soleyra		Territorio de Paulhac	calma vocata Chalm Naal	Terra Poncii de Paulhac	Prato liberorum Johanis de Paulhac				
74	491	Pasturale	De Chalninaal									
75	491	Domum			Sitam apud Paulhac							
76	491	Possessiones			Territorio De Paulhac	territorio de Masalibrant	Territorio de Bonofonte	Terra del Mont				Aquisit ab heredibus Johanis Valentini de Paulhac
77	501	Petiam	 De Gatinho									Aquisivit a Johanne Valentini
78	501	Domos			Paulhac							
79	501	Pratum				Petia de Gatinho						
80	511	Possessiones			Locus de Mundo	Territorio de Paulhac	Teritorio Mansi Corter	Terra claustre de Tensano	Terra homium de Mendigalas			
81	521	Domos			Apud Masalibrant							
82	521	Possessiones			Locus de Masalibrant	Territorio de Lasruschas	Territorio de Bonofonte	Territorio de Paulhac				
83	531	Domos			In manso de Masalibrant							
84	541	Domos			Sitas apud Masalibrant							
85	541	Possessiones			Territorium de Masalibrant	Territorio del Masel Girart et de Seletis	Territorio de Bonofonte	Territorio de Masdelone	Territorio de Lasruschas			
86	551	Domos			Sitas apud Masalibrant							
87	552	Domos			Sitas apud Masalibrant							
88	561	Possessiones			Loco et territorio de Masalibrant	Territorio del Mazel	Territorio de Saletis de Bellux	Territorio de Las Ruschas	Territorio de Bonofonte	Terra de Paulhac		
89	561	Domos			Sitas apud Masalibrant							
90	561	Grangias			Sitas apud Masalibrant							
91	571	Domos			Sitas apud Masalibrant							
92	581	Terram	De Lafuantas		Petia terre Johanis de Arbore	Alia petia Johanis de Arbore						
93	581	Nemus	De Las Pinetas		Situm in territorio Del Mastortet	Nemore Johanis de Arbore	Nemore Girandi de Arbore					
94	581	Terras	De Lasrialhas			Terra domini Aniciensis episcopi	Terra Jacobi Albi de Mastorte					
95	581	Terram	De Lestraa		Terra Petri Lhanterii	Terra domini Aniciensis episcopi						
96	581	Terram	De Lestralhas		Terra sua	Terra  eius fratris	Via qua itur Del Mastortet versus nemus Malansent					
97	581	Nemus	De Sucoo Armandi			Nemore Stephani Lanterii						
98	581	Ortum	Del Forii			Carrera publica del Mastortet	Orto Stephani Lhanterii					
99	581	Petiam	Del Olot		Sitam in territorio Del Mastorter	Via qua itur Del Mastorter versus Mendigolas	Via que itur Del Mastortet versus Lagarda	Petia Jacobi Albi De Mastortet				
100	581	Petias	Dens Pinatens		Petias Johanis de Albor'	Terra Jacobi Albi						
101	581	Petiam terre	Durandi Albi									Petia quam tenet a domino eniciensis eipscopo
102	581	Patile	Durandi Albi									Quod tenet a dicto domino preceptore
103	581	Pratum	Durandi Albi eius patris									Quod tenet a domino priorem de Tensano
104	581	Terram	La Peiroza		Sub via qua itur del Mastortet versus Mundum	Terra Martini de Arbore	Terra Johanis Lhanterii					
105	581	Petiam	Las Nantas			Terra domini Aniciensis episcopi	Terra prioratus de Tensano					
106	581	Nemus	Las Pinetas		Nemore Johanis de Arlore	Nemore suum						
107	581	Terras	Laspineas		Sita in territorio vacato de Las Serors	Terra nobilis Guicharde de La Valeta domicelli	Terre petia Durandi Albi					
108	581	Terram	Lestrita			Petie terre Peyruchonis Heraucerii	Terra domini Aniciensis episcopi	Petia Bertrand de Arbere				
109	581	Prata	Los Praals			Nemore de Sollemniaco	Prato Stephani Lhanterii					
110	581	Pasturalia	Los Praals			Nemore de Sollemniaco	Prato Stephani Lhanterii					
111	581	Prata	Peroteriras			Prata Johanis de Arbore	Petia Johanis de Arbore					
112	581	Pratum	Sotena		Prato Jacobi Albi	Prato Durandi Albi eius patris						
113	581	Petiam terre	Stephani fratris sui									Quam tenet a domino aniciensis episcopi seu dicti Durandi patris sui
114	581	Ortum	Sultus Arbore		Prato Bertande de Arbore	Orto Jacobi Albi	Ortis Joganis et Girandi de Arbore					
115	581	Ortum			Domum suum sitam apud Lo Mastertet							
116	581	Nemoris			In terris vulgariter appellatas Laspineas existentia							
117	581	Domum			Sitam apud Lo Mastertet	Patile Durandi Albi						Aquisivit a Blanchia Lutarda miliere-licgia dicti domini preceptoris
118	581	Petiam			Sitam in territorio de la Garda	Via que itur Del Mastortet versus Lagarda	Termino de la Coasta	Petia terre Stephani fratris sui				
119	581	Petiam			Sitam subtus viam quod vennit Del Mastortet et vadit versus Mendigolas	Petia de La Clauza Durandi Albi	Nemore Johanis de Arbore					
120	581	Domos tenlanhas			Sitas in loco Del Mastortet parochie de Tensano aniciensis dyocesis	Carrerra publica Del Mastortet	Domo tenlanha Jacobi Albi de Mastortet					
121	581	Patile			Sitas in loco Del Mastortet parochie de Tensano aniciensis dyocesis	Suos domos tenlanhas	Terra domini Aniciensis episcopi					
122	581	Hospicium			Situm in loco del Mastortet	Domo Bertrandi de Arbore						
123	581	Aygatam			Situm in territrio loci Del Mastortet	Prato Stephani Lhanterii						
124	581	Calmam				Sua petia vocata de Las Nantas						
125	601	Petiam	Del Cros			Terra hominium de Rivo						Quas aquisivit a Michaele Girardi
126	601	Petiam	Labraressa									Quam aquisivit a Michaele Garunii de Masalibrant
127	601	Petiam	Labraressas			Terra hominium de Rivo						Quas aquisivit a Michaele Girardi
128	601	Pasturale			Situm est in territorio de Ruschas							Quod aquisivit a Michaele Garunii de Masalibrant
129	611	Pasturale	De Lasruschas									Quod aquisivit a Michaele Berlha
130	611	Orti, prata, compos, pascua et alia possessiones		308	Masalibrant							
131	611	Domum			Sitam apud Lasruschas							
132	621	Domum			Sitam apud Lasruschas							
133	631	Domum			Sitam apud Lasruschas							
134	651	Pratum	De la Pinea									Que aquisivit a Michaele de Lasruschas
135	651	Petiam	De la Pinea									
136	651	Domum			Sitam apud Lasruschas							
137	661	Domos			Sitas apud Lasruschas							
138	671	Possessiones			Locus de Masalibrant	Territorio de Bonofonte	Territorio del Mazel Girart					
139	671	Domos			Sitas apud Masalibrant							
140	681	Domum			Sitam apud Masalibrant							
141	691	Casale			Situm apud Masalibrant							
142	691	Ortum			Situm in loco de Masalibrant							
143	701	Casale			Apud Masalibrant							
144	721	Pasturalia	De Bonofonte			Sanha Petri del Chiev	Via qua itur d'Orba versus Chanchauza					
145	721	Prata	Dens Sauretz			Pratis curati de Chanclausa	Pratis Dens Sermens de Champanhac					Quod pratum tenent dicti lisermenti a dicta domo
146	721	Domum			Sitam apud Chanclausa	Terra ecclesie de Chanclausa	Orto suo					
147	721	Pratum				Terra ecclesie de Chanclausa						Circumcirca
148	731	Pasturale	Del Clauste			Petia de Laneiria						
149	731	Petiam terre		70		Prato Jacobi de Molendino	Terra Jacobi Pelacueir	Terra de Clanclausa				
150	741	Pasturale	De Ladaniela			Esclausa malendium de Chanclausa	Pasturale Johanis Ansel					
151	741	Pratum	Del Claus			Itinere quo itur de Ponte Dorba versus Anicium	Prato Brolerit Jacobi del Moli et de Boyro					
152	741	Pratum	Del Clauzet		Apud Chanclausa	Petia de la gleysa de Chanclausa	Campo lavenia ecclesia de Chanclausa					
153	741	Pratum			A Chanclauso olim							
154	741	Campum			Situs in territorio de Chanclausa	Prato del Clauset qui fuit de Chanclausa olim	Terra ecclesie de Chanclausa					
155	742	Pratum			Apud Chanclausa in manso del Brolerit	Itur de Font Moreta versis Aniciensis	Prato Guillermi Boyrois	Pratus Johanis Pelatim				Quod pratum aquisivit a Jacobo Pelacur
156	743	Domum			Apud Chanclausa in prato de Clauseto	Prato del Claustet						Circumcirca
157	751	Petiam terre	Bonofonte			Petia Jacobi Chanclauzo	Petia terre Guillermi Boyro					
158	751	Pratum	De Ladaniela			Prato Guillermi Bayro vocatum de Ladaniela	Prato Jacobi Chanclausa					
159	751	Ortum	De Ladaniela			Orto de Bayro						
160	751	Pasturale	De Ladaniela			Pasturalibus de Pelacuer						
161	751	Esclausam	De Molendino									
162	751	Petiam	De Turacul			Pasturale Dens Sauretz	Pasturale Dens Pelacuers					Et una sanatz
163	751	Pratum	Del Brolhono			Petia suam del Reondet	Prato Del Claus	Prato Guillermi Beyronis				
164	751	Petiam	Del Pomeir sive Del Champ			Versana Jacobi et Johanis Pelacuer	Via qua itur de initere publico versus ecclesiam de Chanclauza					Cum Sanhatz in medio
165	751	Pasturale	Del Pomen			Prato del Brolhet Johanis Pelacuer quadam via media	Prato de Ladaniel de Pelacuer					
166	751	Petiam	Del Reondet		Apud Chanclausa	Prato del Clauset	Prato del Brolent					
167	761	Possessiones			Loco et territorio Del Sape	Passacgio de Ruppe Corba	Itinere publico quo itur de Monte de Marz versus Anicium	Itinere quo itur de Vaterena versus Sanctum Evodium	Terra de Aulanherio	Terra de Maseto		
168	761	Domos			Sitas apud Lo Sape							
169	771	Domum			Sitam apud Lo Sape							
170	771	Possessiones			Territorio Del Sape	Via qui itur de Sancto Evodio versus Lavarena	Terra de Aulanherio	Via qua itur de Ponte de Martz versus Anicum				
171	781	Domos			Sitas apud Lo Sape							
172	781	Possessiones			Territorio Del Sape	Via qua itur del Pont de Marcii versus Anicium	Itinere publico per quod itur de Sancto Evodio versus La Verena	Territorio de Aulanherio				
173	791	Pratum	Del Clauset		Situm apud Chanclausa	Terra ecclesie de Chanclausa	Terra ecclesie de Chanclausa	Terra Vitalis de Ponte	Prato Johanis de Ponte sive Borola			
174	792	Petiam	De Bono Fonte			Petia Jacobi Del Moli	Petia vocati lo Champ Lavenia	Prato Del Clauset				
175	792	Petiam	De Ciracul			Petia Dens Pastoros	Petia Jacobi Del Moli					
176	792	Petiam	De la Versana		Sita in Manso de Ladaniela	Petia Jacobi Pelatiner	Pasturale Dens Pastoros					
177	792	Pratum	De Lamela			Prato Johanis Antelli	Prato Johanis Pelacuer					
178	792	Pratum	Del Brolhent			Prato Vitalis de Ponte	Prato Molendino					
179	792	Pratum	Del Pomen			Petia vocati Bayro	Pasturali dicti Bayronis					
180	792	Pasturale				Pratum de Lamela						
181	792	Terminum				Domum de Borala						
182	801	Nemus			Situm in territorio de Mundo							
183	801	Pratum				Nemore sue	Terra illorum de Mundo	Nemore illorum de Mundo	Prato liberorum Guillermi De Mundo condam	Terra mansi de Menfigolas		
184	801	Pasturale				Nemore sue	Terra illorum de Mundo	Nemore illorum de Mundo	Prato liberorum Guillermi De Mundo condam	Terra mansi de Menfigolas		
185	811	Possessiones			Locus de Masalibrant	Loco et territorio de Mundo	Territorio de Paulac	Teritorio de Bonofonte	Territorio de Matello Girandi	Territorio de Las Ruschas		
186	811	Domum			Sitam apud Masalibrant							
187	811	Ortum			Situm in loco de Masalibrant							
188	821	Pratum	De Bono Fonte		Situm in territorio de Ladaniela	Pasturali Dans Pastoros	Sanha Jacobi del Moli					
189	821	Pratum			Situm in manso de Ladaniela	Prato Jacobi Chanslauso	Pasturali Jacobi Chanclauso	Pasturali Johanis Percio				
190	821	Pratum			Situm in territorio de Ladaniela	Prato Jacobi de Chanclausonis	Rivo Dorba					Quod territorio est de juridictiones castri Devesseti
191	822	Petiam	Del Moli			Prato del Moli	Quaitur Derba versus ecclesiam de Chanclausa					
192	822	Pasturale			Situm in territorio de Ladaniela	Petia Jacobi Chanclausois	Sanha Peyruchonis del Chier					
193	831	Petiam	Del Clauset			Prato Johannis de Ponte	Prato de Las Pastotonas					
194	831	Petiam	Lauversana			Petie sue quadam via media						
195	831	Pratum	Pra Brolhenc			Via qua itur de Font Moreta versus Anicium						
196	831	Pasturale			Situm in territorio de Ladaniela	Pasturali Guillermi Bayronis	Pasturali Jacobi de Molino					
197	831	Pratum			Situm in territorio vocato de la Daniela	Itinere publico per quod itur de Font Moreta versus Anicium	Prato Guillermi Brayronis					
198	841	Pratum			Situm in territorio de Chanclausa	Prato Petri Amati sive Saureti de Chanclausa						Circumcirca
199	842	Pratum			Situm apud Chanclausa	Pratis Petri Saureti	Prato Johannis Sermenti de Chanpanhac					
200	843	Pratum			Situm in territorio de Chanclausa	Terra domini de Gobeto	Prato curati de Chanclausa	Prato Poncii Sermenti de Champanhac				
201	851	Pratum			Situm apud Chanclausa	Prato curati ecclesie de Chanclausa	Prato Dens Sametz	Prato Symonis de Peyro Lont				
202	852	Pratum			Situm in territorio de Chanclausa	Prato curati de Chanclausa	Prato Dens Sametz	Prato Symonis de Peyro Lont				
203	861	Pratum			Situm in territorio de Chanclaus	Prato Thome Sermenti de Champanhac	Prato Johannis Sermenti de Chanpanhac	Prato Poncii Sermenti de Champanhac				
204	862	Petiam terre	Laversana		Situm in territorio de Chanclausa	Petia Johannis Chanclausonis	Terra Jacobi del Moli					
205	862	Pratum			Situm in territorio vocato de la Daniela	Srata per qua itur de Font Moreta versus Anicium	Prato Guillermi Bayronis					
206	862	Pasturale				Prato suo	Pasturale Dens Pastoros					
207	863	Pratum			Situm in territorio de Chanclausa	Pratis ecclesie de Chanclauza	Pratis Dens Sermens de Champanhac					
208	863	Pasturale			Situm in territorio vocato de la Daniela	Sanha Jacobi del Chier	Via que venit de manso vocato Orba et vedit versus ecclesiam					
209	871	Mansum	Poduo Brunent		Totum tenementum de Podio Brenent	Aqua limonis	Terra domini Aniciensis episcopi	Uno de Merdoc	Terra vocata de Podio del pont domini aniciensis episcopi			Exceptis pratis qui a dicta domo tenent Licharenas de Villo Lonie
210	871	Prato paretas										Pareta aquisito quod olim fuit de Chabrol de Sochenar
211	873	Pratum	Del Brolhac			Alio prato Johannis Pelacuer	Prato Jacobi Del Moli					
212	873	Ortum	Del Pomeir		Situm in territorio de la Daniela	Petia Jacobi del Moli	Petia Johannis Pelacuer					
213	873	Petiam			Situm in territorio de Bonofonte	Petia Jacobi del Moli	Petia Dens Pastoros					
214	873	Pratum			Situm in territorio vocato de la Daniela	Alio prato Jacobi Del Moli	Alio prato Johannis Pelacuer					
215	873	Pratum			Situm in territorio vocato de la Daniela, juxta Chanclausa	Prato Jacobi Del Moli	Pasturali Johannis Pelacuer					
216	873	Pasturale				Pratum suum						
217	881	Pasturale			Situm in peiere calme vocate de Lespital							Quod aquisiverunt de Luca Girardi
218	881	Possessiones			Territorio de Masalibrant	Territorio de Paulhac	Territorio de Matello Girardi	Territorio de Lasruchas				
219	881	Terras										Que fuerunt Petri Girardi condam
220	881	Prata										Que fuerunt Petri Girardi condam
221	881	Terras										Quas aquisiverunt Martini Girardi condam
222	881	Possessiones										Quas aquisiverunt Martini Girardi condam
223	881	Terras										Quod aquisiverunt de Aprila Blachona
224	881	Terras										Quas aquisiverunt de Egidio Blachonis, Jacineti Blachonis et Johanete Blachonis 
225	891	Prata	Beotmeschas									
226	891	Pasturale	Beotmeschas									
227	891	Pasturale	De Lala de la Bossoa									
228	891	Tenementum	Planchetis			Tenementum de Pereno	Loco de Peolhosas	Tenementum de Chabanas				
229	891	Domos			Sitas apud Planchetas							
230	891	Grangias			Sitas apud Planchetas							
231	891	Terrarii				Terra de Bertos						
232	891	Pasturale				Terra de Bertos						
233	1031	Petiam terre	De la Jarosseria									Quam erint a Blancha del Bost et eius fratre
234	1031	Domos			Sitas apud Malagayta							
235	1031	Ortos			Sitos in loco de Malagayta							
236	1031	Possessiones			Territorio de Malagayta	Terra hominium nobilis Guillermis de Castel Noven in boteria militits	Terra de Bosmeia et de Croseto	Terra Guillermi baiuli de Fayno	Terra heredum Poncii de Marena domicelli condam	Aqua limonis		
237	1031	Prata										Qui erint a Guillermo de Malagayta donato Hosptalis
238	1031	Pasturalia										Qui erint a Guillermo de Malagayta donato Hosptalis
239	1031	Terram										Qui erint a Guillermo de Malagayta donato Hosptalis
240	1051	Domum			Sitam apud Malagayta							
241	1051	Terras										Quar erint a Andree de Malagayta condam
242	1051	Terras										Quas erint a Guillermo de Malagayta donato Hospitalis
243	1061	Domum			Sitam apud Malagaita							
244	1071	Terram	De Bolamo									Quar erint a Andree de Malagayta condam
245	1071	Sanha	Las Blachas									Quam erint a Guillermo de Malagayta donato Hosptalis
246	1071	Terram			Sita in manso de Masferiol et Chanblando, infra territorio de Malagayta							Quam erint a Guillermo de Malagayta donato Hosptalis
247	1071	Domos			Sitas apud Malagayta							
248	1081	Domum			Sitam apud Malagayta							
249	1091	Domos			Sitas in loco de Malagayta							
250	1101	Sanha	Las Blachas									Quam aquisit a Blanchia del Boc
251	1101	Domum			Sitam apud Malagayta							
252	1102	Hospicium			Situatum in loco de Fayno	Domo claustrali ecclesie de Fayno	Ranco castri de Fayno quadam cariere media	Aliis pedis quas teneo a domino meo de Fayno				
253	1112	Petiam	Del Fornet			Nemore de Laschuessas Dens Chanalens						
254	1112	Pratum	Del Rioni de Gorgoras			Petia vocatorum loce Chamalens	Nuo sol					
255	1112	Petiam	Laschuessas			Terra domini Castenoni	Petia Poncii Bonichonis					
256	1121	Tenementum	De Lascheressas		Situm in territorio de Gorgoras	Terra castri Monstisregalis (a parte superiori) prout ibidem terrirri et mete platate sunt et quidam fons nastens de super juxta quedam runilium terras predictas dundentes	Terra nobilis Guillermi de Ronugius domicelli (a parte occidentalis)	Terra nobili domini Guillermi domini castri de Castronovo militis (a parte inferiori) prout circumcircam ibidem mete sunt fixe				
257	1121	Tenementum	Del Lechare		Situm in territorio de Gorgoras	Terra domini Guillermi domini de Castronovo militis	Terra domini Guillermi domini de Castronovo militis	Terra castri Montisregalis				
258	1123	Pratum										Aquisito per patrem suum a Guillermo Chanalerii
259	1141	Pratum			Situm in territorio de Chanclausa	Prato curati de Chanclausa	Prato Petri Amati de Chanclausa					
260	1142	Petia terre trium meytenchadarum			Sitam in territorio de Chalmiselis	 quam tenet a domino Guillermo de Satilhiaco milite	Calma de Chalmeselis					
261	1142	Pratum			Situm in territorio de Mylhoza	Prato Stephani de Malagayta	Rivo vocato de Cevena					
262	1151	Petiam	De Craba Rata			Petia Poncii de Chanils	Petia Johannis Turri de Furnis					
263	1151	Petiam	De Lasrochas			Terra Poncii de Chanils	Terra Jacobi de Chanils					
264	1151	Pasturale	De parato Ferrant									
265	1151	Pratum	De parato Ferrant									
266	1151	Petiam	De prato de Champmort			Petia Petri Curtilis	Petia Poncii de Chanils					
267	1151	Petiam	Del Clot			Petia Dens Largens	Petia Dens Foras					
268	1151	Pratum	Del Clotz			Sanhacio Jacobi de Chanils						
269	1151	Pratum	Del Clotz			Petia Poncii de Chanils						
270	1151	Petiam	Del Frayteir			Terra Dens Ruens	Terra Dens Ruens					
271	1151	Versanam	Del Peiro			Petia Dens Chareiras	Terris de Chanils					
272	1151	Petiam	Del Suchayro			Petia Dens Largieris	Tenemento de Chanils					
273	1151	Domum			Sitam apud Chanilhhs	Domo Pocii de Chanils						
274	1151	Petiam			Sitam apud Chanils	Pasturali Poncii de Chanils	Petia Johannis Turri					
275	1151	Petiam			Sitam apud Chanils	Petia Poncii de Chanils	Petia Jacmonis de Chanils					
276	1151	Petiam			Sitam in territorio de la Veiranua	Terra de Villalongia	Vocatorum de Los Chareiras					
277	1151	Ortum			Situm apud Chanilhs	Domo Poncii de Chanils						
278	1151	Pratum			Sutus ruppe	Prato Poncii de Chanils						
279	1151	Pratum				Prato Poncii de Chanils						
280	1161	Petiam	De Cruce									
281	1161	Pasturale	De Cumba		Juxta molenduunum de Champanhas							
282	1161	Petiam	De la Veruna									
283	1161	Nemus	De Lasgotas		Prope de Villalonia							
284	1161	Petiam	De Podio									
285	1161	Pasturale	De Prato Ferrate		Sitam in territorio de Chanils							
286	1161	Petiam	Del Poy									
287	1161	Petiam	Del Praet									
288	1161	Petiam	Del Raunaudest									
289	1161	Pratum	Del Sant									
290	1161	Petiam	Del Suchayro									
291	1161	Petiam	La Cartala		Sitam de recto domum suam							
292	1161	Pratum			Juxta domum nuum							
293	1161	Partem suam omnium dest qua omnia			Sita in territorio de Chanils	Terra de Villa Lonia	Calma Del Mares Fornes	Terra de Champanhas				
294	1161	Petiam			Sitam Enlas Lonianhas							
295	1161	Domos			Sitas apud Chanils							
296	1161	Ortum			Situm ante domum suum							
297	1161	Pratum			Situm ante domum suum de Chanils							
298	1171	Pratum	Del Sant		Situm in territotio de Las Costas	Prato Johannis Grugonis	Prato Jacobi Chareira de Vilalonia					
299	1172	Unius dimidiam Seytoratam Prati				Prata Johannis de Feudo	Prato Mariete uxoris Vitalis Truffandi	Prato suo				
300	1181	Pratum			Situm in territorio de Tenharant							
301	1181	Possessiones			Situm in territorio de Tenharant	Prato Jacobi Ferrisserii	Prato Dens Alenbietz	Via qua itur de Chandayrolis versus Chantaloba				Territoire appartient à la maison de Devesset
302	1182	Pratum			Situm in territorio de Relharant	Prato Jacobi Ferrisserii	Prato Gregorii Alamlueti	Terra domus Devesseti				
303	1183	Masacgio	De Relharant									De Novo assensaco
304	1271	Petiam	De Fonte			Via qua itur d'Avenas versus pratum Del Verne						
305	1271	Vineam	De La Peira			Vinea heredum Michaelis d'Avenas condam						
306	1271	Vineam	De Plantaa			Vinea Michaelis d'Avenas condam						
307	1271	Petiam	Del Chape			Rivo de Laplantea	Prato de Rivo Michaelis de la Gardeta	Terra Martini de Laboisonaa				Qua sunt duo nacrio
308	1271	Pratum	Del Verne		Situm in territorio d'Avenas	Terra Michaelis Fabri de Lagardeta	Prato Michaelis D'Avenas					
309	1271	Petiam	Las Fontanelas			Prato suo Del Verne	Terra domini de Brione					Cum omnibus partibus
310	1271	Domos			Sitas apud Avenas	Orto heredum Peyroneii de la Blacha condam	Orto Michaelis de la Gardeta					
311	1271	Domos			Sitas apud Avenas	Orto heredum Michaelis de la Gardeta	Curtilachio Johannis D'Avenas					
312	1271	Ortum			Sitos apud Avenas	Orto heredum Michaelis de la Gardeta						
313	1271	Ortum			Sitos apud Avenas	Domo Johannis D'Avenas	Via qua itur versus Lacumba					
314	1272	Petiam	De Cuba del Vocs			Territorio de la Gardeta	Petia Ponchonis d'Avenas					
315	1272	Pratum	De Verneto			Territorio de la Gardeta	Prato Ponchonis d'Avenas					
316	1272	Domos			Sitam apud Avenas							
317	1272	Possessiones			Territorium de Avenas	Territorio de la Gardeta						Ab omnibus partibus
318	1281	Petiam			Sitam in cumba vocata del Voc	Terra domini de Brione (a duabus partibus)	Terra heredum Michaelis d'Avenas					
319	1281	Domos			Sitas apud Avenas							
320	1281	Possessiones			Territorium de Avenas	Territorio de la Gardeta						Circumcirca
321	1284	Terram	De Laliere			Terra Poncii d'Avenas						
322	1284	Terram	Del Champ d'Avenas			Terra Poncii d'Avenas	Terra heredum Michaelis  d'Avenas					
323	1284	Petiam terre	Del Crozas			Terra Staphani de La Blacha						
324	1284	Petiam terre	Del Crozas			Terra Martini de la Boyssonada	Terra domini de Brione					
325	1284	Domum			Sitam apud Avenas	Domo heredum Michaelis d'Avenas condam						
326	1284	Ortum			Situm in territorio d'Avenas	Orto Poncii d'Avenas	Orto Staphani Chabassonis de Las Blachas					
327	1284	Ortum			Situm in territorio d'Avenas	Orto Johannis filii Michaelis d'Avenas condam						
328	1284	Petiam terre			Situm in territorio d'Avenas	Terra Johannis d'Avenas	Terra Poncii d'Avenas					
329	1284	Pratum			Situm in territorio de Las Fontanelas	Prato Johannis d'Avenas	Terra domini de Brione					
330	1284	Ortum			Situm in territorio de Las Fontanelas, in loco vocato Del Vinhalet d'Avenas	Terra Johannis d'Avenas	Terra Poncii d'Avenas					
331	1291	Petiam terre			Sitam in territorio vocato de Glates, in cumba Ba[…] Montocul	Rivo vocato de Montugul	Terra Fumass de Aibone domicelli					
332	1292	Petiam terre	Ortum de Las Craynas		Subtus domi vocati Vileta	Orto suum fratrum	Orto Peiruchonis Nigri d'Arcens					
333	1293	Petiam terre			Sitam in territorio vocato de Baschicra	Terra Vitalis del Beal de Rivo Corto						
334	1293	Petiam terre			Sitam in territorio vocato del Verne prope de desayas	Terra Guillermet de Boscheto	Terra Petri Ponscii					
335	1301	Domum			Sitam apud Lo Chascanheir de Jannat							
336	1301	Ortum				Domum suum	Ouchia Pochaya de Jannat	Terra Johannis et Johannis de la Garta				
337	1302	Domum			Sitam apud Lo Chastanheir de Jannaco							
338	1302	Ortum				Domum suum	Domo Mathei et Peyroni Palaye de Chastanerio	Ouchia Pochaya de Jannat domicelli	Croza de Hannat			
339	1303	Petiam terre	La Costa de Lagrenol de Riotort			Terra Anthonii del Boschet de Rochabona	Terra Guillermi del Boschet					
340	1303	Petiam terre	Petiam Costam de Boscharai			Terra Vitalis del Beal (a duabus partibus)						
341	1311	Domum			Sitam apud Chastanheir de Jannac							
342	1311	Ortum			Sitam in loco de Chastanheir de Jannac	Domum suum	Orto Mathei et Peyrononi Palayas de Jananc					
343	1312	Pratum			Situm apud Chapons in territorrio vocato de Las Vinhas	Rivo de Chapons	Prato Magristri Raymundi de Jannac notarii	Prato Guillermi Coraterii Del Chaslar				
344	1313	Pratum			Situm in territorio de Las Vinhas de Chapons	Rivo de Chapons	Prato Magristri Raymundi de Jannac notarii	Prato Guillermi Goiraterii Del Chaslario				
345	1314	Petiam terre			Sitam apud Jannac, in territorio de Chastanhier	Terra Johannis del Garda	Orto Vitalis del Chastanhier					In quam semmat qua dimidium M^C Bladi
346	1315	Vineam			Sitam in territorio de Ruppe	Rivo de Charnassac	Vinea Raymundi de Sanna	Vinea de Fayno				
347	1321	Medietatem territorius	Del Vilar			Rivo qui dessendit de Sancto Valico et Lantur versus Lamastra	Rivo de Comdoy	Territorio de La Ranselha	Territorio de Rissans			
348	1322	Quartam partem loci	Del Vilar									
349	1322	Quartam partem territorii	Del Vilar									
350	1332	Pratum	Comenialait		In summitatem							
351	1332	Pratum	Comenialait									
352	1332	Petiam	Croso de Fontaynas									
353	1332	Pratum	Cumba Sola									
354	1332	Pratum	De Croso de Fontaynas									
355	1332	Petiam	De la cros de Vasal									
356	1332	Petiam	De Molendino de la Pansayra									
357	1332	Petiam	De Prato Retondo									
358	1332	Pratum	De Sanha Laures									
359	1332	Petiam	Del Sape									
360	1332	Petiam	Dens Mais			Petiam Armandi de Ruppe						
361	1332	Petiam	Dens Pasturals									
362	1332	Pratum	Fontaynas									
363	1332	Petiam	Las Charals									
364	1332	Pratum	Las Prinalha			Juxta pratum Dens Pupartz						
365	1332	Petiam	Las Sanholas									
366	1332	Pratum	Las Sanholas									
367	1332	Prata, pasturalia, nemora et terras		337	Tenementum de Ruppe							
368	1332	Petiam	Pererio									
369	1332	Petiam	Pomerio		Subtus petiam vicatam de Lalayso							
370	1332	Ortum	Pomerio									
371	1332	Domum			Sitam apud la Rocha							
372	1332	Ouchiam				Recto domus eorum						
373	1332	Ortum				Juxta ortum Dens Verilhas						
374	1332	Petiam				Juxta pratum de Prareont						
375	1332	Garaitum				Juxta pratum Del Brut	Ante domum de Lasguezas					
376	1332	Nemus				Juxta nemus de Sanna						
377	1333	Medietatem nemoris	De Croso									
378	1333	Nemus	Dens Vernes		Sita in territorio de la Planeta	Terra suis						Quod nemus aquisivit a vocato Petro Solieir + circumcirca
379	1333	Terram	Dens Vernes		Sita in territorio de la Planeta	Terra suis						Quam aquisivit a Jacobo Brunii + circumcirca
380	1333	Medietatem terre	Las Cardinas									
381	1333	Medietatem petiam	Las Charals									
382	1341	Partem patilium communum	De la Rocha									
383	1341	Petiam	De Leira									
384	1341	Petiam	De Prato Rotondo									
385	1341	Petiam	De Supra Laribassa									
386	1341	Nemus	De Tartaruc									
387	1341	Petiam	Del Sanzer									
388	1341	Petiam	Las Sanholas									
389	1341	Petiam	Lo Clapo del Brust									
390	1341	Domum			Sitam apud la Rocha	Domo Johanne filie Guillermi Bercheri						
391	1342	Nemus	De Cartarut									
392	1342	Petias	De Comemalar									
393	1342	Petiam	De Las Sanhalas									
394	1342	Pratum	De Molendino									
395	1342	Petiam	De Prato Rotendo									
396	1342	Nemus	De Ruppe Forti									
397	1342	Petiam	De Salvaneschas									
398	1342	Petiam	De Sanha Lacgier									
399	1342	Pratum	De Tensonio									
400	1342	Petiam	Del Pinet									
401	1342	Petiam	Del Sanzer									
402	1342	Petiam	Del Silh de Laribassa									
403	1361	Partem pasturalium communum	Las Putetas									
404	1342	Partem patilium communum	Ruppe									
405	1342	Partem pastuorum communum	Ruppe									
406	1343	Domum			Sitam apud Ruppe							
407	1361	Domum			Sitam apud Villam Novam Devesseti							Quam habuit a Blancheta Morala et a Pelaprat condam
408	1343	Ortum				Petia de Leria filiari	?					
409	1361	Ortum				Via publica qua itur de Devesseto versus Locrostel	Orto heredum Poncii Monreal					Quod acquisivit a fratre Petro de Casalibus 
410	1361	Pratum				Prato domus de la Suachas	Ortis Brunelorum					Quod abuit a dicta La Jalaa
411	1361	Pratum				Prato heredum Michaelis Salvaynh	Terra cartina domus Devesseti					Quod aquisivit a Johanne Pauleti
412	1361	Pratum				Prato de Donezo domini preceptoris	Prato Gregorii Ferrandi					Quod aquisivit a vocata Martina
413	1342	Ortum				Domum suum	Domo Poncii Monreal condam	Carreria publica de Crostello	Orto suo Johannes Roerii de Ruppe habuit a uxoris Petri de Croso condam			
414	1351	Nemoris	Calhaissa									
415	1361	Nemus	De Talhaessa			Nemore de Cumba Menuzlh	Nemore de La Focha	Nemore de Chayneto				Quod habet idem Johannes cum illis de miasfreschas
416	1361	Partem pasturale	Las Pinetas									Nondum densum
417	1361	Ouchiam		362		Via qua itur de Villa Nova versus Boschetum	Via qua itur Boscheto versus domum Armandeti de Garaitz condam					Que in parte duit de Laiala
418	1361	Domos			Apud Villa Nova Devesseti							
419	1361	Pratum			Sita in loco de Spaetis	Prato Andree Vocato Del Betz	Terra dicte domus					Que Aquisivit de Andree De Spaetis
420	1361	Pasturale			Sita in loco de Spaetis	Prato Andree Vocato Del Betz	Terra dicte domus					Que Aquisivit de Andree De Spaetis
421	1361	Pratum			Situm apud Ceisonera	Rivo quod labitur Ayga Neira	Prato Mathei de Jalibertis					Quod aquisivit de Andree de Jalibertis
422	1361	Pratum			Situm apud Dinesonem	Prata domus Devesseti						
423	1361	Pratum			Situm apud La Garnaa	Prato Petri Bachirii	Prato vocati Garaitonis					
424	1361	Blacha			Situm in loco de Spaetis	Via qua itur de Devesseto versus Vacharessas media	Blacha heredum Johannis de Spaetis					Nemus sive blachia et ouchias
425	1361	Ouchiam			Situm in loco de Spaetis	Terra cartina domus Devesseti						Nemus sive blachia et ouchias
426	1361	Sanhatum				Domibus suum	Careiis publicis Ville Nove	Prato Dens Brunens				
427	1361	Ortum				Carrerra publica qua itur de Devesseto versus crostellum	Orto Johannis Malrorii					Qui fuit Johannete de Fores
428	1361	Ortos										Que habuit a dicta Janaa
429	1361	Terram				Via publicam qua monet de Villanova et vadit versus Las Puteas	Terra Johannis Garaito	Peyruchonis Vacherii				
430	1361	Pasturalia				Via publicam qua monet de Villanova et vadit versus Las Puteas	Terra Johannis Garaito	Peyruchonis Vacherii				
431	1361	Pratum				Prato domini preceptoris	Prato Johannis Jordanonis					Quod aquisivit a Johanneta Trona
432	1361	Ortum				Grangia sua	Ouchia garaitonis					Quem aquisivit de la Filha
433	1361	Pratum				Pratum vocatum Jordan	Prato Guigoneti Fabri de Villanova					Quod aquisivit a la Viletona
434	1361	Ortum				Orto Johannis Jordani	Via qua itur de doma vocati Armandi versus la Fontetas					Quod aquisivit a la Viletona
435	1371	Terram	De Las Pineas		Nemore Johannis de Arbore	Nemore Durandi Albi						
436	1371	Terram	Del Janebre			Petia Johannis de Arbore	Terra Bertrandi de Arbore	Terra del mont Saynt Marti				
437	1371	Terram	Dens Clotz			Via qua itur de una versus Mendigolas (a duabus partibus)	Via qua itur Del Mastortet versus Lagarda					
438	1371	Petiam	Lagarda			Via qua itur Del Mastortet versus Lagarda	Petiis terre Durandi Albi					
439	1371	Terram	Las Nantas			Terra Durandi Albi	Sanha vocata Rotonda Durandi Albi quam tenet a domino Aniciensis episcopo					
440	1371	Terram	Las Rialhas		Nemore de Salemniaco	Terra Girandi de Larbre						
441	1371	Terram	Lestraa			Petia Lhantayro	Terra Durandi Albi					
442	1371	Pasturalia	Los Prahals			Prato Staphani Lhanterii						
443	1371	Prata	Prata Soteira			Pratis Durandi Albi	Pratis Durandi Albi	Petia Bertrandi de Arbore				
444	1371	Domum			Domibus teulenhas Dur' Albi	Carreria publica del Mastortet						Domum Teulenhas
445	1371	Petiam			Sitam apud Las Peirozas	Ortis Martini de Arbore	Carreria qua itur del Mastortet versus Mendigolas					
446	1371	Petiam			Sitam apud Las Peirozas	Quadam petia Lo Lhantens						
447	1371	Terram			Sitam in territorio Podii de duabus sorors	Terra domine de la Valeta	Terra Durandi Albi quam dixit a domino preceptore					
448	1371	Domos			Sitas in manso del Mastortet	Carreria publica loci de Mastortet	Orto suo					Domos Palhenchas
449	1371	Ortum			Situm in loco del Mastortet	Suis domibus palhenchas	Terra Bertrandi de Larbre					
450	1381	Petiam	Cari Dens Pis									
451	1381	Pratum	Chabanas									
452	1381	Petiam	De La Costa Dens Pras									
453	1381	Pratum	De la Rocha									
454	1381	Petiam	Del Betz									
455	1381	Petiam	Del Pereir									
456	1381	Petiam	Del Pi									
457	1381	Ouchiam			Sitam in loco de la Vileta	Juxta ouchiam Mathei de la Coasta						
458	1381	Petiam			Sitam supra pratum suum							
459	1381	Possessiones			Site in Manso et territorio de la Vileta	Terra mansi de Malaval	Terra mansi de Pererio					
460	1381	Ortos			Sitos in manso de la Vileta							
461	1381	Casale			Situm apud la Vileta							
462	1382	Prata	Borneta			Pratis Bressone quod tenet a priore de Maschanilha	Ruppis de Bonpas	Terra Gerentonis Ronirii quam tenet a priore de Maschanilha	Itinere publico per quod itur de sancto Romano versus Lo Posat			
463	1382	Terram			Sitam in manso de Rhilato	Terra Gerentonis Romni de Sancto Agrippavio quam tenet a priore de Maschanilha	Via qua itur de Fonte Triberta versus Riliaco	Terra illorum homines de Rilhaco	Via vetere que monit de Rilhaco Transcerendo per arborem de Lalieir et versit versus Font de Rilhaco			
464	1382	Nemus			Situm in territorio de Ruppe	Terra heredum Mathei Blayrant de Ruppe	Nemore heredum Petri de Famia de Sancto Agrippavio	Rivo de Sahna				
465	1383	Pratum	De Borneta			Pratis Bressone anuncule dictorum liberorum quodam rivio medio	itinere quo itur de Sancto Romano versus Lo Pozat					
466	1383	Terras			[…] inter clisis							
467	1383	Tenementum			Sitam apud Rilhac	Terra Gerentonis Romni de Sancto Agrippavio quam tenet a priore de Maschanilha	Via qua itur de Fonte Aiberta versus Rilhacum	Terra hominum de Rilhaco	Via que monet de Rilhaco et vadit versus Fontem de Rialhaco transcerendi per Arborem de Lalier			
468	1383	Nemus			Situm in territorio de Ruppe	Prato heredum Mathei Duneria	Rivo de Sabonia	Nemorum Mathei Duneria de Ruppe condam				
469	1391	Petiam terre	Alfiert Fanet			Antiquo Fonte de la Nonta	Ouchia vocata de Conort condam	Terra Hospitalis Sancti Agrippavium	Trino de Petra Chana			
470	1391	Sextam partem petiem terre	Del Coynh Dens Yrissas		Terra liberorum Bernardi de Aulanherio condam	Terris de Freydas pares						
471	1391	Pratum	En Lausa			Rivo de Las Teuleyras	Terra suo					Acua liberi Petronille de La Chapella condam
472	1391	Petiam terre	Las Teuleyras			Terra ecclesie Sancti Agrippavii	Terra Girandi brunii	Terra Poncii et Guillermi Brunii de Chalmetis				
473	1391	Petiam terre			En Aureat	Terra Dens Brus	Terra Dens Brus	Terra Dens Brus	Strata per quam vaivit gentes de Sancto Agrippavio versus Raschassat			
474	1391	Petiam terre			En Chalni Michana	Ariberius	Ariberius	terra liberorum Brunii	Poncii Brunii condam			
475	1391	Petiam terre			In Aureat	Terra Dens Aiberiis	Terra torio de Lanonta	Garaito suo de Chalmetis	Terris de Colongia liberorum Poncii de Lachabana condam	Terra liberorum Staphani Craussat condam	Terris de Ariberuorum et Dens Brus	
476	1391	Petiam terre			In Chalayosas	Terra Aribuorum	Terris de Raschassat heredum Poncii Blacho	Diruit quidam Rimilus qui oritur in pratis de Raschassat et vadit Ferire a magnum rivum de Raschassat	Terra liberorum Girandi Brunii de Chalmetis			
477	1391	Petiam terre			In Cumbale de La Charre	Terra Bertrandi de Chalmetis et Gakkant de La Chapela		Terra Petris et filii				
478	1391	Possessiones			In nemore del Rochaynh	Blairant	Tenleyras	Rivum de Graisart	Pratum quod erat Bertrandi de Capella condam	Id quod habent in sanha Molendini		
479	1391	Possessiones			In nemore seu terris de Gaisart	Blairant	Tenleyras	Rivum de Graisart	Pratum quod erat Bertrandi de Capella condam	Id quod habent in sanha Molendini		
480	1391	Petiam terre			In orteto del Prat Scibeira							Qua tenebant ab eis Martinus Brunii et eis fratres condam
481	1391	Petiam terre			Sita In Cumbale de Las Tenberras	Terra suo	Terra liberorum Girandi Brunii de Chalmetis		Terris suis			Tenent liberii Girandi Brunii de Chalmetis condam
482	1391	Partem quam herit in facia de Ladreit de Serencha										Medietates dicte faicie et duas partes Faycie de Socheria
483	1391	Omnes res et possessiones ac proprietates 										Quas tenebant ab eis Bonitus de Lernert condam in territorio de Chalmetis
484	1392	Petiam	De Chabanas									
485	1392	Petiam	De Prato Conlie									
486	1392	Petiam	De Sanha Brunel									
487	1392	Pratum	Del […] vel de Layra									
488	1392	Pratum	Dens Pras									
489	1392	Petiam	La Cela			Juxta […] de la Roneir						
490	1392	Petiam	La Costa Dens Pras									
491	1392	Petiam	P[…]o									
492	1392	Petiam	Petiam Sancti Martini									
493	1392	Petiam			Sitam duo nemora de La Vileta							
494	1392	Ouchiam			Sitam recto domum Mathei et Martini de Costa							
495	1392	Domos			Sitas apud La Vileta							
496	1392	Nemus				Petia sua						
497	1401	Nemus	De Costa chaulet									
498	1401	Pessetam	De Las Sanholas									Quam Emenunt a Johanne de Ailhac et eius uxoris
499	1401	Nemus	De Ruppe Triba									
500	1401	Partem patilium	Ville de Ruppe		Sita sunt in territorio de Ruppe							
501	1402	Pratum	De Manso de Sucoo			Terra Beatris de Macello	Terra qua tenet a domino Bestid	Prato et terris suis				
502	1402	Pasturale	De Manso de Sucoo			Terra Beatris de Macello	Terra qua tenet a domino Bestid	Prato et terris suis				
503	1402	Pratum				Terris castri Devesseti	Terra catri Veteri Sarmati	Terri castri Devesseti				
504	1402	Terras				Terris castri Devesseti	Terra catri Veteri Sarmati	Terri castri Devesseti				
505	1411	Tenementum	De la Brossa			Via qua itur de la Bercoza versus Plafay	Strata publica per quam itur de Plafayno versus la Pasaa de la Torta sequendo recto itinere	Pratis Dens Montalerius	Prato Guillermi Malagaita de novo assensaco	La Passaa vocata del Pedalanar des Chas		
506	1411	Pratum	De Latrona									
507	1411	Pratum	De Mondeiras sive de Plafayno			Terra grangiacgii de Chauleto	Terra domini Aniciensis episcopi					Cum Creisensis non est diu contignatus
508	1411	Prata			In territorio de la Brossa							Infro dictos confines situata et pasturalia
509	1411	Domos			Sitas in loco de la Brossa							
510	1411	Ortos			Sitos in loco de la Brossa							
511	1411	Nemus			Situm in nemore de Chalmariais	Nemore Jacmete uxoris Thome Chanilenant	Terra domini Aniciensis episcopi					
512	1411	Pratum				Una broa pasturaliam de Champoleiras	Via qua itur de la Bercoza versus Plafay					Quod dictus Guillermus aquisivit a Matheo filio vocate Troma et deinde pretenditur
513	1411	Pastayracgium										
514	1411	Percursum										Quo habet un calme de Lomas Sanhas et de Alanar des Chas et de Champoleiras et etiam de Las Puteas
515	1421	Partem pasturale	Cumba Corta			Pasturale Girandi de Ruela	Terra mansi de Tensana					
516	1421	Partem pratorum	Cumba Corta			Pasturale Girandi de Ruela	Terra mansi de Tensana					
517	1421	Ouchiam	De Lalieir			Via qua itur de Ruela versus Bergias	Ouchia vocata de Lissarco					
518	1421	Partem pasturale	Del Sanhatz									
519	1421	Pratum	Las Cras			Terra mansi de Tansano	Prato Girandi de Ruela					
520	1421	Pasturalia	Las Pinetas									
521	1421	Partem pasturalium communum	Ruela			Terra Belli Prandii	Terra mansi de Tensa					
522	1421	Pratum			De Subtus La Passaa	Prato suo	Terra mansi de Tansa					
523	1421	Domum			Sitam apud Ruela	Domo Andree de Ruela	Domo Girandi de Ruela					
524	1421	Ortum			Situm apud Ruela	Orto Girandi de Ruela						
525	1431	Partem [-]rii	Del Vilar									
526	1432	Chastanherum	De Verneto			Terra priotatus mansi Canillari (a parte superiori)	Petia terre stephani de Verneto appelata de Las Vesseiras	A pede dicti chastanerii cum terra Bonafidei de Verneto et orto Clementis de Verneto condam	Prato Bonafidei et Petri de Verneto fratrum			Pro indiviso cum viro nobili et pontenti domino Jaucerando domino Sancti Desiderii et castri de Mastra milite
527	1441	Totum locum	Viridario									
528	1443	Territorii	Combasola			Terra domini de Meysosola	Terra ecclesie sur de Noseynes	Terra nobilis Francisa bellipiandii	Terra de Calmas quas tenetur si sub snhoria domini duntis borbonenti de Duetto Dominio	Terra Jacmeti de la Mess que tenetur sub senhoria prioratus de Maschanilha uno rivo intermedio		
529	1451	Terram	De Picota									
530	1452	Partem petie										
531	1452	Pasturalia										
532	1452	Pratum	D'Armandes									
533	1452	Petiam	De Fontaynas									
534	1452	Pratum	De Fontaynas									
535	1452	Pratum	De la Font									
536	1452	Partem petie	De la Via del Moli									
537	1452	Partem petie	De la Via del Moli									
538	1452	Petiam	De Las Charals									
539	1452	Petiam	De Maltalha									
540	1452	Partem petie	De Moli Neilh									Quod petie est de perindiviso cum domino de Sollemniaco quo habuit a domina de Bonsolio condam et catri Devesseti
541	1452	Partem petie	De Moli Neilh									Quod petie est de perindiviso cum domino de Sollemniaco quo habuit a domina de Bonsolio condam et catri Devesseti
542	1452	Partem petie	De Petra de Firno									Quod petie est de perindiviso cum domino de Sollemniaco quo habuit a domina de Bonsolio condam et catri Devesseti
543	1452	Partem petie	De Petra de Firno									Quod petie est de perindiviso cum domino de Sollemniaco quo habuit a domina de Bonsolio condam et catri Devesseti
544	1452	Pratum	De Pineto									
545	1452	Garaitum	De Prato Rotondo									
546	1452	Petiam	De Sanha Serzeir									
547	1452	Ortum	Del Chastaneir									
548	1452	Partem Dens Meses	Delle de Ruppe									
549	1452	Partem petie	Dens Ubacs									Quod petie est de perindiviso cum domino de Sollemniaco quo habuit a domina de Bonsolio condam et catri Devesseti
550	1452	Partem petie	Dens Ubacs									Quod petie est de perindiviso cum domino de Sollemniaco quo habuit a domina de Bonsolio condam et catri Devesseti
551	1452	Partem petie	La Mola									Quod petie est de perindiviso cum domino de Sollemniaco quo habuit a domina de Bonsolio condam et catri Devesseti
552	1452	Partem petie	La Mola									Quod petie est de perindiviso cum domino de Sollemniaco quo habuit a domina de Bonsolio condam et catri Devesseti
553	1452	Partem territorii communis	Solgos									
554	1452	Possessiones			Loco et tenemento de Ruppe	Territorio de Rilhac	Rivo d'Arnaudes	Nemorum del Sape				
555	1452	Nemoris			Sita in territorio de Ruppe							
556	1452	Domum			Sitam apud La Rocha	Orto Petri de Ruppe						
557	1452	Sessoirata vinee			Territorio de Rochabona	Vinea domini de Ruppe Bone	Vinea domini de Ruppe Bone	Vinea domini de Ruppe Bone				
558	1452	Pars vinee			Vinea Petri del Coynh de Ruppe Bona							
559	1452	Ortum				Orto Armandeti de Ruppe						
560	1452	Partem patilium										
561	1452	?										
562	1461	Petiam	De Fago									Nomine eius uxoris
563	1461	Pratum	De Molino									Nomine eius uxoris
564	1461	Garaitum	Del Suchayro		Sito in territorio de Rilhac							Nomine eius uxoris
565	1461	Pratum	For[-]coho									Nomine eius uxoris
566	1461	Sanha	La Sanha									Nomine eius uxoris
567	1461	Pratum	Laygaa									Nomine eius uxoris
568	1461	Nemus			Apud nemus de Ruppe							Nomine eius uxoris
569	1461	Ortum			Sitas a la Rocha							Nomine eius uxoris
570	1461	Ouchiam			Sitas a la Rocha							Nomine eius uxoris
571	1461	Domos			Sitas apud Rilhac							
572	1461	Tenementum				Terra Gerentonis Rommi	Terra Armandi de Calma et eius filie	Terra de Ruppe				
573	1461	Pasturalia										Nomine eius uxoris + Qui condam fuerunt Michaelis Clergue
574	1462	Domos			Sitas apud Rilhac							
575	1463	Domos			Sitas apud Rilhac							
576	1471	Terram	Comenialart									
577	1471	Pratum	Comenialart									
578	1471	Petiam	De Champras									
579	1471	Pratum	De Cumba Fola									
580	1471	Petiam	De La Nanta		Recto ortum Del Rey							
581	1471	Pratum	De la Suerneas									
582	1471	Petiam	De Las Charals									
583	1471	Petiam	De Las Sanholas									
584	1471	Pratum	De Las Sanholas									
585	1471	Pratum	De Molendino									
586	1471	Ortum	De Petra de Firno									
587	1471	Pratum	De Prato Raytz									
588	1471	Garaitum	De Prato Rotondo									
589	1471	Nemus	De Rocha Fort									
590	1471	Molendinum	De Ruppe									
591	1471	Petiam	De Ruppe Forte									
592	1471	Nemus	De Ruppe Forte									
593	1471	Ouchetam	De Sanha Salet									
594	1471	Ortum	Del Brutz									
595	1471	Petiam	Del Pereir									
596	1471	Terram	Del Pontet									
597	1471	Petiam	Del San									
598	1471	Petiam	Dens Ubacz									
599	1471	Terram	La Ribassa		Versus molendinum							
600	1471	Terram	Las Faylas									
601	1471	Petiam	Vaz de Prato Rotondo									
602	1471	Pasturalia	Ville de Ruppe									
603	1471	Partem pastuum	Ville de Ruppe									
604	1471	Partem pasturalium	Ville de Ruppe									
605	1471	Partem patilium communum	Ville de Ruppe									
606	1471	Petiam			Ante domum de la Rohanina							
607	1471	Petiam			De Versus lo Sanzer							
608	1471	Possessiones			Loco et territorio de la Rocha	Territorio de Rilhac	Terra d'Arnaudes	Nemore Del Sape				
609	1471	Ortum			Recto ortum Del Rey							
610	1472	Terram	Comenialart									
611	1472	Jus terre	De Las Faysas									
612	1472	Petiam	De Leyra									
613	1472	Pratum	De Prato Reant									
614	1472	Petiam	De Salvaneschas									
615	1472	Terram	Del Brutz									
616	1472	Pratum	Del Moli									
617	1472	Nemus	La Rocha Cuba sive de La Blacha									
618	1472	Petiam	Las Sanholas									
619	1472	Partem petiam	Las Sanholas									
620	1472	Partem suam	Patilium de Ruppe									
621	1472	Terram	Sanha Lacgier									
622	1472	Pratum	Sanha Laurens									
623	1472	Nemus	Tartarut									
624	1472	Domum			Sitam apud La Rocha							
625	1472	Petiam			Versus Salvanessas							
626	1482	Pratum	Bon Pas			Rivo de Borneta						
627	1482	Petiam	Comemialart			Pratis Mathei Dundeie condam	Petia Petronile uxoris Guillermolis de Bertos					
628	1482	Nemoris	Costa Meiana								Indiviso de domino castri Devesseti et castri Sancti Agrippavii	
629	1482	Pratum	De Comba Fola			Prato Dens Verihas	Pratum de Ponteto quod habui a Johanne de Rilhac					
630	1482	Nemus	De Finergos			Nemore Michaelis de Las Chalaias et Petri Mola						
631	1482	Partem prati	De Fonte								Indiviso de domino castri Devesseti et castri Sancti Agrippavii	
632	1482	Partem prati	De Fonte								Indiviso de domino castri Devesseti et castri Sancti Agrippavii	
633	1482	Petiam	De Prato Reont			Itinere quo itur de Chabons versus Sanctam Agrippavium	Petia Petronille uxoris Guillermi de Bertos					
634	1482	Petiam	De Sanga Farzier			Terra Petri Dos	Terra Guillermi Rocheta domicelli					
635	1482	Pratum	Del Borze									
636	1482	Ouchiam	Del Brus			Petia Armandi Raspant	Carreria qua itur de Ruppe versus Fagum					
637	1482	Partem orti	Del Chastaneir								Indiviso de domino castri Devesseti et castri Sancti Agrippavii	
638	1482	Partem orti	Del Chastaneir								Indiviso de domino castri Devesseti et castri Sancti Agrippavii	
639	1482	Pratum	Del Vuntz			Calma comis Ville						
640	1482	Partem petiam	Dens Ubacs								Indiviso de domino castri Devesseti et castri Sancti Agrippavii	
641	1482	Partem petiam	Dens Ubacs								Indiviso de domino castri Devesseti et castri Sancti Agrippavii	
642	1482	Pratum	Dens Verilhas									
643	1482	Garaitum	Facgo Una			Garaito de Rilhac	Terra Guillermi de Croso					Cum hoc quo fuit aquisitum a Bernardo de Chananhac
644	1482	Pratum	Fonte Cuberta			Prato Johannis de Rilhac						
645	1482	Partem patilium communum	Hominum de Ruppe									
646	1482	Partem petiam	Les Prinalha								Indiviso de domino castri Devesseti et castri Sancti Agrippavii	
647	1482	Partem petiam	Les Prinalha								Indiviso de domino castri Devesseti et castri Sancti Agrippavii	
648	1482	Partem petiam	Molendini veteris								Indiviso de domino castri Devesseti et castri Sancti Agrippavii	
649	1482	Partem petiam	Molendini veteris								Indiviso de domino castri Devesseti et castri Sancti Agrippavii	
650	1482	Pratum	Pineto			Prato Armandonis Raspant						
651	1482	Pratum	Sanha de la Cela			Initenere quo itur de Truchet versus Sanctum Agrippavium						
652	1482	Garaitum	Sanha Salet			Carreria qua itur de Ruppe versus La Chalin	Garayto heredum Arnaudi					
653	1482	Pratum	Soteria			Prato Armandi de la Rocha condam						
654	1482	Partem	Vinatz de Borneta									
655	1482	Garaitum			Fontaynas et de Las Charals et de Maltalha	Petia Dens Blayinas	Petia Dens Verilha					
656	1482	Domos			Sitas apud La Rocha	Orto Armandi Raspant vocata dal Fangriats						
657	1482	Nemus			Situm apud La Rocha							
658	1482	Partes trium vinearum			Situm in territorio de Rochabona							
659	1482	Partes trium vinearum			Situm in territorio de Rochabona							
660	1482	Possessiones			Territorio de Ruppe	Territorio de Rilhac	Territorio de Arnaudes					
661	1482	Ortos				Orto Armandi Raspant vocata dal Fangriats						
662	1482	Ouchiam				Orto Armandi Raspant vocata dal Fangriats						
663	1491	Garaitum	Bramafam			Strata [publica] de Hugonis versus Lanastres	Prato de La Monda					
664	1491	Terram	De Lalo		Sitam in territorio de Bramafam	Petia de Corteso del Monteilha	Calma de Feudo					
665	1491	Pasturale	Del Masones			Prato de Champanhas	Grangio de Champanhas					
666	1491	Garaitum	Fonte Bono			Via per quam itur de Champanhas versus Lomonteilh	Terra sua					
667	1491	Pratum	La Cumba			Terra de grangio de Champanhas						
668	1491	Pratum			Situm in territorio del Feo	Pratis Johannis de Feudo	Calma de Feudo					
669	1492	Levatam	Del Beal									
670	1492	Petiam terre			Sitas in tenementum de Las Gotas	Vua de extra nemus	Nemore de Las Gotas de Chanils					Quam aquisivit a Guillermo de Chanilhs condam
671	1493	Pratum	Lone			Aqua de Linho	Pratis de Podio Brunent					
672	1493	Pratum	Sanha Santa			Prato de Podio Brunent	Prato Johannis Botena de Las Eiras					
673	1501	Medietatem prati	Las Costas		Situm in territotio de Monneta	Aqua de Lionoel	Territorio de Villa Lonia					
674	1502	Tenementum	Del Maset			Tenemento de Villa Longia	Aqua Linionis	Calma de Las Penas	Calma vocata Lomares Fornes			Quod est perm[-] cum dominus de Lanarena
675	1502	Ortum			Situm in loco de Villalonia	Orto Phelise de Villalonia	Orto liberorum Jacobi Ruelli condam					
676	1502	Casale			Situm in loco de Villalonia	Domo Guillermi Largeri						
677	1503	Meitenchadam terre			Sitam in territorio de Villa Longia	Nemore de Chanilhs	Terra Petri Curtilis	Terra Dens Guigos				
678	1503	Casale			Situm apud Villa Longia	Domo Guillermi Largeri de Villa Longia	Nemore de Chanilhs					
679	1503	Ortum			Situm apud Villa Longia	Domo Guillermi Largeri de Villa Longia	Nemore de Chanilhs					
680	1503	Ortum			Situm apud Villa Longia	Ortis apellatis Los Foras	Nemore de Chanilhs					
681	1503	Ortum			Situm supra Fontem Charairina	Nemore de Chanilhs						
682	1521	Tenementum	De Feudo			Terra grangiacgii de Champanhas	Terra mansi d'Ugonis	Territorio del Sotol	Territorio de Crosodo	Territorio del Monteil		
683	1522	Petiam terre			Sitam in territorio de Loyl Dens Cornus	Juxta Las Gardetas	Petia Stephani de Malagaita	Terra Petri Mundenis de Larena	Petia Clementis de Malagaita			
684	1531	Petiam	De Casta Bernart									
685	1531	Petiam	De Casta Garneir									
686	1531	Petiam	De Fonte Veirieur			Terra Ruppispaule	Terra Belliprandi					
687	1531	Pratum	De Lesnerstah			Prato de podio Sirgudo	Prato Johannis de Valeta					
688	1531	Petiam	De Lubac									
689	1531	Petiam	De Ruppe Buzana			Petra Belliprandi	Terra Ruppispaule					
690	1531	Petiam	Del Pinatel			Terra Ruppispaule						
691	1531	Domum			Sitam apud La Valeta ribrant	Carreria publica de La Valeta	Domo heredum Hogoneti de la Valeta condam quodam violo medio					
692	1531	Petiam			Sitam in Tracollo Ruppis de Grant	Petia Jacobi La Valeta						
693	1531	Petiam			Sitam juxta Fontem de La Valeta							
694	1531	Ortum			Situm apud la Valeta	Carreria publica de La Valeta	Petia terre Johannis de la Valeta					
695	1531	Ortum			Situm in loco de la Valeta	Carreria publica de La Valeta	Petia sua quam tenet a prioratus Ruppispaule					
696	1531	Pratum			Situm subtus nemus de Lerin	Nemore de Lerin	Terra nempre de Muretp					
697	1541	Terram			Positam in loco de Las Sanholas	Sanholis Dens Fontelhos	Terra domus Devesseti					
698	1541	Creysementum			Positam juxta pratum suum	Consta Salvacgia dicti Vitalis	Prato Johannis Brunelli					
699	1541	Domum			Sitam apud Las Sanholas	Terra domini preceptoris cartina						
700	1541	Ortum				Domum suum						
701	1541	Pratum										Quod aquisivit a Johanne Pauleti
702	1541	Pratum				Calma vocata Poleira	Calma de Lavar Deschas					Quod aquisivit de La Viletono
703	1542	Partem coste	Salvagia			Prato suo	Terra Guartine domus Devesseti					Quam agricolas idem Vitalis
704	1551	Petiam	De Font Veirieir									
705	1551	Ortum	De la Font									
706	1551	Passatam	De Lerin									
707	1551	Ouchiam	Del Clot			Domum suum	Orto suo					
708	1551	Petiam	Del Serre de Grant									
709	1551	Petiam	Dens Chapolens									
710	1551	Pasturalia	La Aygaa									
711	1551	Pascua	La Aygaa									
712	1551	Petiam	La Blacha									
713	1551	Petiam	Lesuerseynh									
714	1551	Pasturale	Prato Poyes									
715	1551	Domum			Sitam il loco de la Valeto Raibrant	Terra prioratus Ruppispaule quadam passata media						
716	1551	Possessiones			Territorio de la Valeta Ribrant	Terra Prioris Ruppispaule	Terra castri Belli Prandii	Terra Devesseti				
717	1551	Ortum				Domum suum						
718	1561	Petiam	De Costa Bernart									
719	1561	Petiam	De Costa Veirieir		Prope nemus de Lerni							
720	1561	Petiam	De la Blacha			Terra Rupispaule	Terra Rupispaule					
721	1561	Ortum	De la Costeta		Situm in territorio de la Valeta							
722	1561	Campum	De Laygaa									
723	1561	Ortum	De Leyra Velha		Situm in territorio de la Valeta							
724	1561	Petiam	Del Ranc									
725	1561	Pasturale	Del Ranc									
726	1561	Pratum	Vocatum la Sanha del Moli		Situm apud La Valeta	Aqua de La Gueesa						
727	1561	Domum			Sitam apud La Valeta	Domo Johannis de la Valeta						
728	1561	Possessiones			Territorio de la Valeta	Terra Ruppispaule	Terra Belle Prandii	Terra castri Devesseti				
729	1571	Petiam	Costa Bernart									
730	1571	Domum		188	Situm apud la Valeta Raybrant	Domo Michaelis de la Valeta						
731	1571	Petiam	Leira Velha									
732	1571	Ortum	Leyra Velha		Situm in loco de la Valeta							
733	1571	Petiam	Lubac de Podio Drigido			Juxta terra Jacobi de la Valeta						
734	1571	Pratum			Sita apud Teysoneiras	Nemore de Teysoneiras						
735	1571	Pasturale			Sita apud Teysoneiras	Nemore de Teysoneiras						
736	1571	Petiam			Sitam in succo de Gaut							
737	1571	Petiam			Sitam subtus Domum Jacobi de la Valeta							
738	1571	Petiam			Sitam versus Lerin	Nemore de Lerin						
739	1571	Possessiones			Territorio et loco de la Valeta	Terra priodris Ruppispaule	Terra castri Belli Prandii	Terra castri Devesseti				
740	1581	Prata	De Martino									
741	1581	Domum	De Vunha									
742	1581	Possessiones		314	Loco de Las Fontetas							
743	1581	Bessaam		314	Loco de Vunha	Loco de Las Fontetas						
744	1581	Petiam			Sita apud Cumbanrias	Prato de Lanibaysena						Quam becgace petiam ad huc sunt in quadam nota quasi in principio huius terrerii in qua Guillermis de Las Fontetas nomine dictorum fratrum confessus fueruat tenere a dicta domo
745	1581	Possessiones				Tenemento de Sirgras	Prato de Garneir					Omni parte dicto tenemento quo pernenit Peyrero de Montabonel
746	1582	Petiam	Bertineschas									
747	1582	Petiam	Chabanas									
748	1582	Petiam	Chabanas									
749	1582	Petiam	Del Cieir									
750	1582	Petiam	Del Toloet									
751	1582	Petiam	Dens Pras									
752	1582	Pratum	Tonhet									
753	1582	Casale			Situm apud la Vileta							
754	1582	Possessiones			Territorio de la Vileta	Territorio de la Roneira	Territorio de la Vileta					
755	1582	Ortum				Situm juxta Petiam Vitalis Brannac						
756	1583	Petiam	De Costa Dens Pras									
757	1583	Petiam	De Ladrit de Chabanas									
758	1583	Petiam	De Lubac de Bertineschas									
759	1583	Petiam	Del Chier									
760	1583	Ouchiam	Del Toloet									
761	1583	Casale			Situm in loco de la Vileta							
762	1591	Nemoris	De la Socha			Nemore de Talhaessa quo tenetur a domo predicta	Prato Andree Vitalis Cumba Menusil	Prato Vitalis de calma	Terra qua tenet a domo Devesseti in Vilanacgio			Quodo rivo inter dicta duo nemora inedio et frequendo dictum rium
763	1591	Prata			In loco del Magnines	Nemore sue	Manso de la Bastia	Sequendo cum nemore de la Socha quodo rivo inter dicta duo nemora inedio et frequendo dictum rium				
764	1591	Domum			Sitam apud mansum del Malgnines							
765	1591	Ouchias			Sitas in loco del Malgnines	Domui sui	Manso de La Gleysola quod tenetus a castro veteris Armati	Terra cartina domus Devesseti				
766	1591	Nemus			Situm apud Lo Malgnines							
767	1591	Pratum				Orto suo	Manso de La Gleysola quod tenetus a castro veteris Armati	Terra cartina domus Devesseti				
768	1601	Jus	Calmibar Deschas									
769	1601	Terram	De la Fanassa			Terra Bertrandi de Chalmetas	Terra Jacobi Beuni eius neptus					
770	1601	Partem orti	De supra Carienam									
771	1601	Terram	Del Suchet									Qui fuit condam Johannis Relha
772	1601	Ortos	Dens Ortforas									Qui fuit condam Johannis Relha
773	1601	Terram	La Costa del Roure		Prope del Lancel	Terra Michaelis Rocbandi	Terra Jacobi Raspant					
774	1601	Terram	La Platina			Terra Magistri Guillermi Ariberui	Terra Magistri Guillermi Ariberui					
775	1601	Pratum	La Platina			Terra Magistri Guillermi Ariberui	Terra Magistri Guillermi Ariberui					
776	1601	Pratum	Las Chabanas			Prato Poncii Brunii de Sanha Clausa	Petia Bertrandi Brunii					
777	1601	Pasturale	Las Chabanas			Prato Poncii Brunii de Sanha Clausa	Petia Bertrandi Brunii					
778	1601	Jus calme	Las Chabanas									
779	1601	Terram	Nemore de Cumba Neira			Terra et nemore Bertrandi Bruni						
780	1601	Jus terre	Socheria									
781	1611	Pasturale	Besseta Bernencha		Sita in loco de Lermet	Besseta Columbete de Sancto Agrippano	Passata de Lermet rocata del Rio del Passet					
782	1611	Medietatem petie terre	Faycie Soteirana de Prala			Prato quod tenet ecclesia Sancti Agreppavi						
783	1611	Jus prati	La Cumbeta			Pratis Peyroneti de Monreont						
784	1611	Medietatem Faycie	Meyena de Prala			Prato Guigonis de Ponte	Terra Peyroneti de Monreont					
785	1611	Medietatem petie terre	Prala		Site in territorio de Hereone	Terra quem tenent ipse Logues ab ecclesia Sancti Agrippavi	Terra Guigonis de Pontem					
786	1611	Medietate petie prati	Sima de Prala			Terra Guigonis de Ponte	Terra Petri quam tenet a ecclesia Sancti Agrippavi					
787	1611	Terram			Sitam in territorio de Lermet	Terra Gregorii Blachonis de Raschassac	Terra heredum Guillermi de Hereone					
788	1611	Pasturale			Situm in territorio de Lermet	Besseta Michaelis de Lermeto						
789	1621	Partem nemus	Dens Vernet			Pasturale magistri Ariberii et Armandoni Ariberii et eius fratrum	Nemus magistri Ariberii et Armandoni Ariberii et eius fratrum	Terra Durandi de Aulanherio	Itinere publico per quod itur de Sancto Agrippano versus Lo Pereir			
790	1621	Pasturale	Dens Vernet			Pasturale magistri Ariberii et Armandoni Ariberii et eius fratrum	Nemus magistri Ariberii et Armandoni Ariberii et eius fratrum	Terra Durandi de Aulanherio	Itinere publico per quod itur de Sancto Agrippano versus Lo Pereir			
791	1621	Medietatem prati	La Cumbeta			Terra et prato Petri de Mon Reont	Terra et prato Petri de Mon Reont					
792	1622	Petiam			Sita in territorio Dens Vernes	Prato de Lalier dicti magistri Guillermi	Itinere per quod itur de Hereone versus Laulanheir					
793	1622	Petiam terre										Quam aquisivit Mathena eius uxoris ex causa cambii facti inter eam et Magistre Guillermi Ariberii notarii
794	1623	Petiam terre			Sitam in territorio del Serre de Hereone	Terra Peironeti de Mon Reont	Terra liberorum Poncii de Hereone condam					
795	1631	Medietatem prati	De Pra la			Prato Guigonis de Ponte	Pratum heredum Guillermi de Hereo					
796	1631	Medietatem petie terre	Del Serre		Site apud Hereo	Terra Poncii de Hereone condam	Terra Petri de Mon Reont					
797	1631	Medietatem prati	La Cumbeta			Prato liberorum Guillermi de Hereo	Pratum heredum Nicholau de Hereo					
798	1631	Medietatem petie terre	La Cumbeta			Prati sui	Petia et prato Piero de Hereo	Terra Petri de Monreont				
799	1631	Prata	La Cumbeta			Medietatem petiam suam	Petia et prato Piero de Hereo	Terra Petri de Monreont				
800	1631	Medietatem petie			Siti in territorio de Prala	Petia sua et prato suo de la Cumbeta quadam via media	Itinere publico per quod itur de Sancto Agrippano versus Devessetum					
801	1631	Prata			Siti in territorio de Prala	Petia sua et prato suo de la Cumbeta quadam via media	Itinere publico per quod itur de Sancto Agrippano versus Devessetum					
802	1631	Medietatem prati				Petie sue	Terra sua	Terra Guigonis de Ponte	Terra ecclesie Sancti Agrippani			
803	1641	Petiam	Del Bel Champ			Terra heredum Michaelis de Croso condam	Terra heredum Pascalonis de Raschassac					
804	1641	Pratum	Del Pomeir		Situm apud Raschassac	Prato Dens Cransac	Prato Stephani Celump					
805	1641	Petiam terre	Lo Garant		Sitam apud Raschassac	Petia liberorum Michaelis de Croso condam	Terra Pascalonis de Raschassac condam					
806	1641	Ortum			De recto furmum de Raschassac							
807	1641	Petiam			Sitam apud Raschassac	Petia heredum Michaelis de Crozo	Petia heredum Pascalonis de Raschassac					
808	1641	Ouchiam			Sitam apud Raschassac	Plancerio heredum Pascalonis de Raschassac	Petia Vitalis Blachonis de Raschassac					
809	1641	Petiam terre			Sitam in manso de Lermet	Prato et terra heredum Gregorii Blachonis						
810	1641	Petiam			Sitam in manso de Raschassac	Terra Magistri Guillermi Ariberui	Terra Boneti de la Peira					
811	1641	Pratum			Situm apud Raschassac	Pratis illorum de la Peira	Via qua itur de Raschassac et itur versus Bertrant					
812	1641	Tenementum			Situm apud Rialhacum	Terra Johannis de Rilhaco	Prato Johannis de Rilhaco	Terra heredum de Girart de Rilhaco				Tam pratum quam petiam
813	1641	Ortum			Situm in loco de Raschassac	Via qua itur de Raschassac versus Faysene						
814	1651	Petiam terre			Sita in territorio de Lermet	Nemus suum	Pratum suum	Rivo mansi de Mundo	Nemore et pasturali de Michel de Lermet	Terra et pasturali Columbete de Sancto Agrippano		
815	1651	Petiam terre			Site supra domum Michaelis de Lermet	Terra heredum Martini de Hereone	Terra heredum Martini de Hereone					
816	1651	Nemus				Terre petiam sua	Pratum suum	Rivo mansi de Mundo	Nemore et pasturali de Michel de Lermet	Terra et pasturali Columbete de Sancto Agrippano		
817	1651	Pratum				Nemus suum	Terre petiam suam	Rivo mansi de Mundo	Nemore et pasturali de Michel de Lermet	Terra et pasturali Columbete de Sancto Agrippano		
818	1661	Petiam terre			Sita in territorio de Lermet	Nemus suum	Pasturale sua	Rivo de Mundo	Nemore et pasturali Piero de Hereone			
819	1661	Nemus			Sita in territorio de Lermet	Pasturale sua	Petiem terre sua	Rivo de Mundo	Nemore et pasturali Piero de Hereone			
820	1661	Pasturale			Sita in territorio de Lermet	Nemus suum	Petiem terre sua	Rivo de Mundo	Nemore et pasturali Piero de Hereone			
821	1661	Petiam terre			Sita recto domum Michaelis de Lermet	Terra Michaelis de Lermet	Terra heredum Peyruchonis eius fratris					
822	1661	Petiam			Sitam in cruce de Lermet	Terra Beatricis uxoris Vitalis Comptiris	Terra heredum Nicholay de Hereo					
823	1661	Petiam terre			Sitam in loco de Lermet	Terra Andree eius sororis	Terra Beatricis uxoris Vitalis Comptiris					
824	1671	Petiam terre			Sita apud Lermet	Nemore, prato et terra Beatricis uxoris Vitalis Comptoris	Prato et nemoris Michaelis de Lermet					
825	1671	Nemoris			Sita apud Lermet	Nemore, prato et terra Beatricis uxoris Vitalis Comptoris	Prato et nemoris Michaelis de Lermet					
826	1671	Prata			Sita apud Lermet	Nemore, prato et terra Beatricis uxoris Vitalis Comptoris	Prato et nemoris Michaelis de Lermet					
827	1671	Petiam terre			Sita apud Lermet	Terra columbe de Sancto Agrippano	Terra Michaelis de Lermet					
828	1671	Petiam			Sita in manso de Lermet	Prato et pasturalis Nicholay de Hereone	Nemore Piero de Hereo					
829	1671	Pasturalia			Sita in manso de Lermet	Prato et pasturalis Nicholay de Hereone	Nemore Piero de Hereo					
830	1671	Nemoris			Sita in manso de Lermet	Prato et pasturalis Nicholay de Hereone	Nemore Piero de Hereo					
831	1671	Petiam terre			Sitam in loco de Lermet	Terra Andree de Hereo	Terra heredum Nicholay de Hereo					
832	1681	Campum	Bel Champ			Terra uxoris Vitalis Comptoris	Terra Johannis Jarias					
833	1681	Pratum	De Bessea Meiana			Terra de Las Posenas qua est johanete filie Peyruchonis de Hereone						
834	1681	Pasturale	De Bessea Meiana			Terra de Las Posenas qua est johanete filie Peyruchonis de Hereone						
835	1681	Terram	Sitam apud Bessetam Binnencha			Besseta heredum Johannis de Hereo	Terra Peyruchonis de Hereo					
836	1681	Jus terre			In territorio de Chalninhac	Terra Michaelis de Lermet	Terra Dens Buracs de Malanal					
837	1681	Pasturale			In territorio de Lermet	Terra crucis de Lermet qui est uxoris Vitalis Comptoris						
838	1681	Bessetam			In territorio de Lermet	Terra crucis de Lermet qui est uxoris Vitalis Comptoris						
839	1691	Terram	De Supra Bessam		Terra Johannis Jarras	Terra uxoris Vitalis Comptoris						
840	1691	Jus terre	Pra Chalin		Sitam in territorio de Podio de Chalninhac	Prato heredum Peyruchonis de Hereo	Terra Dens Vinatz de Malaval					
841	1691	Terram	Pra Lermos		Pra uxoris Pra uxoris Bartholomei Molati	Via per quam itur de Sacnto Jorio den Dairies versus Sanctum Agrippanum	Terra uxoris Vitalis Comptonis					
842	1691	Pratum	Pra Lermos		Pra uxoris Pra uxoris Bartholomei Molati	Via per quam itur de Sacnto Jorio den Dairies versus Sanctum Agrippanum	Terra uxoris Vitalis Comptonis					
843	1691	Bessetam			Sitam apud Freidas Peres	Besseta Petronille uxoris Bartholomei Molati	Prato vocato de Fonte Frigido					
844	1691	Terram			Sitam juxta crucem de Lermetam	Terra Columbete de Clamers	Terra Guillermi sub de Hereo 					
845	1701	Garaitum	[-]to Ferant									
846	1701	Petiam	Campo Merono									
847	1701	Petiam	De Creba Rata									
848	1701	Pratum	De la Rocha									
849	1701	Petiam	De la Sun Sanhas de Sana Lobost									
850	1701	Pratum	De Las Conts									
851	1701	Pratum	De Las Conts									Quod habuit […] Chanils
852	1701	Petiam	Del Chapil de la Maiso									
853	1701	Versanam	Del Oreto			Juxta petiam Dens Largien						
854	1701	Petiam	Del Peiro									
855	1701	Petiam	Del Raynardest									
856	1701	Nemus	Del Raynardest									
857	1701	Petiam	Del Sanias de la Lepia									
858	1701	Pratum	Del Sant									
859	1701	Petiam	Del Sucheiro									
860	1701	Petiam	Del Sucheiro									
861	1701	Petiam	Dens Aualanheus									
862	1701	Pratum	Feriant									
863	1701	Pratum	Gotalh			Juxta domum suam						
864	1701	Versanam	La Cros									
865	1701	Petiam	La Lonianha									
866	1701	Petiam	Las Cortas									
867	1701	Lameytenchada	Las Cortas									
868	1701	Nemus	Las Gatas									
869	1701	Versanam	Podio Chamles									
870	1701	Petiam	Praferone									
871	1701	Petiam	Veyrana									
872	1701	Petiam			Sitam recto domos suas							
873	1701	Domos			Sitas apud Chanils							
874	1701	Ortum			Situm apud Chanils							
875	1711	Pratum	De Las Conts									
876	1711	Petiam	Del Clot									
877	1711	Petiam	Del Fayteir									
878	1711	Petiam	Del Praet									
879	1711	Pratum	Del Praet									
880	1711	Nemus	Del Raynaudescis									
881	1711	Pratum	Del Sant									
882	1711	Petiam	Dens Arnafenes									
883	1711	Petiam	Dens Caires									
884	1711	Petiam	La Veiruna									
885	1711	Petiam	Las Cortas									
886	1711	Nemus	Las Gotas									
887	1711	Petiam	Pra [-]rant									
888	1711	Petiam	Sechayro									
889	1711	Meitenchadam terre			In territorio de Lastortas							
890	1711	Partem mansi			Sita in territorio de Chanils							
891	1711	Possessiones			Sita in territorio de Chanils	Territorio de Villalonia	Grangiacgio de Champanhas	Grangiacgio Dens Forins				
892	1711	Petiam			Sitam enpra Ferrant							
893	1711	Petiam			Sitam in loco del Sechairo							
894	1721	Quintam partem nemoris			Siti in nemore de Ruppe	Rivo vocato de Borneta	Nemore Armandi Raspaudi de Ruppe	Nemore Symubdi Bochardi				
895	1722	Partem prati	Diffart Peyro sive Alcos de la Rocha			Nemore Symundi Bochardi	Nemore nobilis viri Guillermi Rocheta domicelli	quodam rivo vocato de Sanna inter medio prout circumcirca trimim lapidei sint ibidem plantati				Per indiviso Petri Ronchani aquisivit titulo permutationis a Petro de la Fanria
896	1722	Partem terre	Diffart Peyro sive Alcos de la Rocha			Nemore Symundi Bochardi	Nemore nobilis viri Guillermi Rocheta domicelli	quodam rivo vocato de Sanna inter medio prout circumcirca trimim lapidei sint ibidem plantati				Per indiviso Petri Ronchani aquisivit titulo permutationis a Petro de la Fanria
897	1731	Petiam	De Longarayt			Petia Petri Brunii	Petiam Bertrandi Brunii					
898	1731	Petiam	De Ruppe de Luysac			Calma Meyana	Petia Michaelis Rotbandi					
899	1731	Pratum	Del Bancel									
900	1731	Petiam	Del Lans			Prato del Lans	Petia Vitalis Brunii					
901	1731	Ortum	Del Suchet			Orto Michaelis Brunii						
902	1731	Ortum	Dens Ortz Foras			Orto Michaelis Brunii						
903	1731	Petiam			Sitam a la Cros del Bancel							
904	1731	Domum			Sitam apud Chalmetis	Domo Petri Brunii	Domo Petri Rotbandi					
905	1731	Petiam			Sitam in Roneria	Petiam liberorum de la Anhela	Petri Rotbandi					
906	1741	Partem calme	Cumlanbar Deschas			Itinere publico per quod itur de Raschassac versus Sactum Agrippanum	Garaytis nobilis Raymundi de Sanna					
907	1741	Petiam	D'Ameac			Petiam Armandi Ariberii	Petia Guillermi Ariberii notarii					
908	1741	Petiam terre	Del Clauzel			Terra nobilis Raymundi de Sanna	Terra nobilis Raymundi de Sanna					
909	1741	Petiam	La Rialha			Terra Raymundi de Chalmetas						
910	1741	Petiam terre			Sitam almas de Vontoreir	Terra nobilis Raymundi de Sanna						
911	1741	Petiam			Sitam apud Ruppem de Luyssac	Alma meiana	Terra Michaelis Rotbandi					
912	1741	Petiam			Sitam in costa vocata del Rome	Nemore del Lancel	Terra Blache de Chapella					
913	1741	Petiam			Sitam in ouchia de la Fayceta	Carreria de Chalmetis						
914	1741	Partem terre communis			Site apud la Sucharia							
915	1741	Pratum			Situm apud Las Chabanas	Calma qui est supra locum de Chalmetis	Terra nobilis Raymundi de Sanna					
916	1741	Nemus			Situm in Cumba Negra	Nemore Ariberuorum						
917	1741	Partem sibi continuentem de calma			Supra Chalmetas	Pratis de Las Chabanas	Calma qui tenetur a duorum Sancti Agrippani					
918	1751	Creyscensa prati	Faya Evesqual									
919	1751	Pratum		394		Prata Garnerii						Quod aquisivit maritus suis a vocata La Paula
920	1751	Pasturale		394		Prata Garnerii						Quod aquisivit maritus suis a vocata La Paula
921	1751	Partem prati			Sita apud Faya Evesqual	Nemore de Faya Evesqual	Prato de Corolet					
922	1751	Partem pasturale			Sita apud Faya Evesqual	Nemore de Faya Evesqual	Prato de Corolet					
923	1751	Domum			Sitam apud Villam Novam Devesseti	Domus Guillerme Filhote						
924	1751	Partem orti			Sitam apud Villam Novam Devesseti	Prato Johannis Jordani						
925	1751	Partem orti			Sitam apud Villam Novam Devesseti	Domo uxoris Gregorii Julianii						
926	1751	Terram				Pasturale sua	Terra censina Garnerii					Ibidem assensatam
927	1751	Arboribus ibidem Cressentibus										
928	1761	Pratum	Las Poloyras			Pratis de Gaut	Pasturalibus de Gaut					Jacmete uxor eius filii + Quod olim fuit Andree de Spaetis
929	1761	Pasturale	Las Poloyras			Pratis de Gaut	Pasturalibus de Gaut					Jacmete uxor eius filii + Quod olim fuit Andree de Spaetis
930	1761	Levatis aque	Las Poloyras									Jacmete uxor eius filii
931	1761	Levatis aque	Las Poloyras									Jacmete uxor eius filii
932	1761	Partis pasturacgiorum			Devesseti							Jacmete uxor eius filii
933	1761	Petiam			Sitam supra Rorano de la Valeta	Terra Jacobi de la Valeta						
934	1761	Terram			Situatam in Podio de Gaut	Terra Castri Belli Prandii	Terra cartina domus Devesseti					
935	1761	Pratum			Situm a Las Pozoyras							Quod fuit aquisivit a Johanne de Spaetis + Jacmete uxor eius filii
936	1761	Pratum			Situm in summitatem de Las Pozoyras	Pasturalibus de Las Pinetas	Prato Johannis de Spaetis					Quod olim fuit Petri de Peolhozas + Jacmete uxor eius filii
937	1761	Petiam terre				Terra Jacobi de la Valeta						Quam aquisivit a Hugoneto de La Valeta condam
938	1761	Pratum										Quod olim fui aquisitum per Guillermum de Grant condam a Jacobo de Spaetis + Jacmete uxor eius filii
939	1762	Pratum	Pratum Artaudent		Situm in territorio d'Arnaudes	Territorio d'Arnaudest						Ab omnibus partibus
940	1762	Pratum	Pratum Bacalheira		Situm in territorio vocato Dastafort	Territorio d'Arnaudest	Terra quam tenent liberi Stephani Fores condam a dicta domo Devesseti					
941	1771	Tenementum	Picota			Terra de Frigidis Parietibus	Rivo del Pereir	Rivo de prato Chalin	Terra Johanneti de Frigidis parietibus			
942	1771	Nemus			In tenementum suum							
943	1771	Faciam terre			Sitam in suco de Chalvinhaco	Terra Martinorum de Hereone	Terra Dens Vinatz de Malanal	Itinere publico per quod itur de Ruppe Paula versus Sanctum Agrippanum				
944	1772	Pratum			Situm in prato a Chalin	Petia Johannis Girardi	Rivo de Malavalle					
945	1772	Pasturale			Situm in territorio de Picota	Domus Devesseti	Rivo de Pereiro	Rivo de Malavalle	Terra Johannis de Roerii de Pererio quam tenet a dicto Hospitale			
946	1772	Nemus			Situm in territorio de Picota	Domus Devesseti	Rivo de Pereiro	Rivo de Malavalle	Terra Johannis de Roerii de Pererio quam tenet a dicto Hospitale			
947	1773	Levatam			Bealis molendini sui de la Terrassa vocato de Molinot							Accepit et firmatur in terra domum de Devesseto
948	1781	Nemus			Situm in territorio de Picota	Manso de Perererio	Nemore Guillermi et Andree de Aulancherio	Terra de Picota quam tenent Petri et Johanni Pascalis de Valeta				
949	1782	Nemus			Situm in territorio de Picota	Nemore Dens Pascals de la valeta	Campo Johanis Roerii					
950	1782	Pratum			Situm in territorio de prato Achalvi	Prata Johannis Girardi	Terra heredum Johannis de Las Sanhas					
951	1782	Pasturale				Nemus suum						
952	1791	Nemus	Cumba Nigra			Terra Vitalis Sanhas	Nemoribus Bertrandi et Poncii Brunii					
953	1791	Pratum	Del Lans			Petiit sui	Prato Vitalis Sanhas					
954	1791	Petiam	La Fanassa			Petiam Vitalis Sanhas	Terra Ponci Brunii					
955	1791	Pratum	Las Chabanas			Prato Vitalis Sanhas	Prato Ponci Brunii					
956	1791	Petias			Sita in territorio vocato del Lans	Terra Vitalis Sanhas	Terra Ponci Brunii					
957	1792	Pratum	Cumba Menusil			Nemore de Chameto	Prato Guilhonis de Janesto quodam rivo medio	Tenementim Dens Palheris				
958	1792	Tenementorium	Las Putetas									
959	1792	Domos			Sitas in loco de Chalma prope Cheynetum							
960	1792	Possessiones			Territorio de Chalma prope Chaputetum	Terra Petri de Monterotondo	Nemore de Chameto	Terra castri Veteri Simati	Terra Raymundoni de Flossaco domicelli quam tenet a domo Devesseti	Terra vocatorum Dens Arnautz		
961	1801	Calmam	Flac Maor			Terra castri Sancti Agrippani	Terra Margarone Asteira	Terra Peyroneti de Monte Rotondo				
962	1801	Mansum	Lalbespi			Terra castri Sancti Agrippani	Terra Margarone Asteira	Terra Peyroneti de Monte Rotondo				
963	1802	Prata	Cumba Estura									
964	1802	Tenementum	Podio Fayni Una			Nemore Johannis Sabati	Terra Johannis Sabati	Via qua itur de Ponte Hereons versus Tensanum	Via que monet a dicto itinere eundi versus terra Vitalis de Ponte Monendo de dicto itinere et vadit Faire versus ad iter publicum per quod itur de Sancto Agrippano versus Chambone	Terra et pratos Vitalis de Calma	Nemore de Chayneto	Exceptis illis que reperirentur esse de ecclesia Santi Agrippani reperirentur tenere a dicta ecclesia quod non credut
965	1803	Pratum		17	Situm in territorio de Fonte Frigido sito in territorio de Frigidis Parietibus	Prato Johannete uxoris Johannis de Aulanherio	Prato heredum Nicholai de Hereone	Prato Vitalis de Frigidis Parietibus				
966	1811	Petiam	Cruce Vassal			Terra heredum Girardi de Rilhac	Terra quam illi de Ruppe emerunt a Gerentono Ronini	Terra heredum Mathei Duneira				
967	1811	Faciam terre	Del Trior		Sitam in territorio de Ruppe	Itinere publico per quod itur de Ruppe versus Sanctam Agrippanum	Faysia heredum Vitalis Verilhati	Pasturali Dens perhens				
968	1811	Pratum	Pratum Soteira D'Arnaudest		Situm in territorio de Sanha Serzeir	Terra Petri de Ruppe (A parte superiori)	Rivo de Arnaudesto	Pratis heredum Guillermi de Ruppe				
969	1811	Petiam terre			Sitam in manso Sanhe Serserii	Terra Petri de Ruppe	Prato heredum Guillermi de Ruppe					
970	1811	Pratum			Situm in loco de Sanhe Serserii	Petie sue						
971	1812	Partem nemore	Issarti Symiont		Situm in nemore de Ruppem	Nemore heredum Stephani De Ruppe	Nemore Gregorii de Rilhaco	Rivo de Aqua Nigra	Petia heredum Mathei Dunerie			
972	1813	Partem nemoris	Dens Vernes			Nemore magistri Guillermi Ariberii	Terra de Aulanheno					
973	1813	Partem prati	La Cumbeta			Prato et terre Peyroneti de Monteretondo	Prato Bartholomei Alna					
974	1821	Petiam nemoris			Site in territorio de Ruppe	Nemore Johannis Rebolli						
975	1822	Petiam terre			Sitam in cruce del Chap	Petia de Las Chalais	Petiam Armandoni de Ruppe					
976	1822	Petiam terre			Sitam in territorio del Batalheira	Prato de Batalhera Guillermi Rocheta domicelli	Terra Petri La Mola D'Arnaudes					
977	1823	Petiam terre			Sitam apud la Cros del Champ	Petia Girandi Fores de Montelheto	Petia de La Chalaras					
978	1824	Domum			Sitam apud Cruce del Champ	Petia de Las Chalais	Petiam Guillone eius sororis	Petia Andree Fromenti				
979	1831	Pratum	Cumbanrias			Terra cartina domus Devesseti	Prato Guillermi Salvaynh in quo prato contiguatur pratum quod havuit a Guillermo lo sub pro Cambus factis inter eos ad ortos qui erant dicte Johannete					
980	1831	Partem	Las Putetas									
981	1831	Assensamento			Pratum suum							
982	1831	Sanhatum			Supra nemus Devesseti	Nemore Devesseti						
983	1832	Nemus	Dens Vernes									
984	1832	Nemus	Graysart			Nemore Magistri Guillermi Brocherii						
985	1832	Pratum	Lalien									
986	1832	Pratum	Lestraa			Rivo de Lerescha						
987	1832	Partem	Plani d'Alreneschas									
988	1832	Partem	Plani d'Alreneschas									
989	1832	Terras			In manso vocato Daureyac	Via qua itur de Sancto Agrippano versus Raschassac	Possessionibus liberorum Petri Ariberii					
990	1832	Possessiones			In manso vocato Daureyac	Via qua itur de Sancto Agrippano versus Raschassac	Possessionibus liberorum Petri Ariberii					
991	1832	Petiam terre			Sitam in Verneto Gakletes	Terra nobilis Bernardi de Sanna						
992	1832	Petiam terre			Sitam prope Pedam Asini	Terra sua quam erint ab Armandete de Ruppe						
993	1832	Pratum			Situm apud Aureyratum	Prato liberorum Petri Ariberii condam						
994	1832	Petiam terre			Situm in loco vocato de Platina	Terra sua						Quam habuit a Johanne Bruni
995	1832	Terram				Nemus suum						
996	1832	Nemus				Rivo de Graysart						Quod hec pro indiviso cum domino de Chalmetis
997	1832	Terram				Prato suo	Prato Guigonis de Ponte	Nemore Ariberuorum de Hereone	Via qui monet de Frigidis Parientibus et pertenditur versus Hereone			
998	1841	Possessiones			Siti un loco et territorio de Masalibrant							Partem et portionem que pertinet in tota hereditate qui condam fuit Jacobi Blachonis eius patris condam
999	1842	Domos			Sitas apud Masalibrant							
1000	1844	Domum			Sitam apud Masalibrant							
1001	1851	Petiam	Lubac			Terra Petri Rebolet	Terra Johannis Grissati					
1002	1851	Petiam			Sitam apud Lobas del Moli	Petiam terre sua vocata Lo Cros del Moli	Petia Johannis Grassati					
1003	1851	Terram			Sitam in manso de Rebolet	Terra Petri Reboleti	Terra Johannis Grissati	Terra Guillermi Brossonis	Prato Guillermi Brossonis			
1004	1851	Pratum				Rivo qui desendit de Fonto de Posato	Prato Andree Bansonis parochie de Posato	Terra Andree Bansonis parochie de Posato				
1005	1851	Petiam terre				Pratum suum						
1006	1861	Mansum	Chasaletz et Lagrandata			Terra ecclesie Sancti Agrippani quam tenet dicta Maigaros		Itinere publico per quod itur de Sancto Agrippano versus Chambonem	Terra hominum de Calma	Terra dominorum veteri Sarmati		
1007	1861	Calmam	Flac Maor			Manso suo	Confimtionibus supradictis					Pro indiviso cum hominibus de Calma + circumcirca
1008	1862	Prata			Loco et territorio de Lermet							
1009	1862	Pasturalia			Loco et territorio de Lermet							
1010	1862	Terras			Loco et territorio de Lermet							
1011	1862	Molendinum			Situm apud Raschassac							
1012	1871	Domum			Sitam apud Freidas Peres							
1013	1872	Terram			Situm apud la Vileta							
1014	1872	Pratum			Situm apud la Vileta	Terre sua						
1015	1873	Molendinum	Rastotel									
